Time,Temperature,pH
2024-08-10 00:00:00,,
2024-08-10 00:30:00,,
2024-08-10 01:00:00,,
2024-08-10 01:30:00,,
2024-08-10 02:00:00,,
2024-08-10 02:30:00,,
2024-08-10 03:00:00,,
2024-08-10 03:30:00,,
2024-08-10 04:00:00,,
2024-08-10 04:30:00,,
2024-08-10 05:00:00,,
2024-08-10 05:30:00,,
2024-08-10 06:00:00,,
2024-08-10 06:30:00,,
2024-08-10 07:00:00,,
2024-08-10 07:30:00,,
2024-08-10 08:00:00,,
2024-08-10 08:30:00,,
2024-08-10 09:00:00,,
2024-08-10 09:30:00,,
2024-08-10 10:00:00,,
2024-08-10 10:30:00,,
2024-08-10 11:00:00,,
2024-08-10 11:30:00,,
2024-08-10 12:00:00,,
2024-08-10 12:30:00,,
2024-08-10 13:00:00,,
2024-08-10 13:30:00,,
2024-08-10 14:00:15,26.69,7.1
2024-08-10 14:29:41,26.31,6.95
2024-08-10 15:00:44,26.25,6.94
2024-08-10 15:30:16,26.25,6.95
2024-08-10 16:00:26,26.0,6.95
2024-08-10 16:29:36,25.75,6.94
2024-08-10 17:00:34,25.56,6.9
2024-08-10 17:29:54,25.38,6.86
2024-08-10 18:00:50,25.13,6.84
2024-08-10 18:29:46,24.94,6.83
2024-08-10 19:00:45,24.75,6.82
2024-08-10 19:30:05,24.56,6.83
2024-08-10 20:00:14,24.44,6.79
2024-08-10 20:29:38,24.25,6.78
2024-08-10 21:00:35,24.19,6.82
2024-08-10 21:29:54,24.06,6.75
2024-08-10 22:00:02,23.94,6.75
2024-08-10 22:30:11,23.88,6.76
2024-08-10 23:00:18,23.75,6.74
2024-08-10 23:29:41,23.63,6.75
2024-08-11 00:00:51,23.56,6.77
2024-08-11 00:29:42,23.44,6.74
2024-08-11 01:00:38,23.31,6.73
2024-08-11 01:29:55,23.31,6.73
2024-08-11 02:00:02,23.19,6.75
2024-08-11 02:30:09,23.13,6.71
2024-08-11 03:00:16,23.0,6.73
2024-08-11 03:30:23,22.81,6.71
2024-08-11 04:00:30,22.81,6.71
2024-08-11 04:29:51,22.69,6.7
2024-08-11 05:00:08,22.63,6.7
2024-08-11 05:30:15,22.56,6.7
2024-08-11 06:00:22,22.44,6.67
2024-08-11 06:29:40,22.31,6.68
2024-08-11 07:00:35,22.31,6.66
2024-08-11 07:29:54,22.31,6.68
2024-08-11 08:00:14,22.31,6.66
2024-08-11 08:29:46,22.25,6.66
2024-08-11 09:00:00,22.44,6.66
2024-08-11 09:30:10,22.69,6.67
2024-08-11 10:00:21,22.94,6.7
2024-08-11 10:29:43,23.25,6.74
2024-08-11 11:00:44,23.63,6.76
2024-08-11 11:30:07,23.88,6.76
2024-08-11 12:00:18,24.19,6.76
2024-08-11 12:29:41,24.38,6.82
2024-08-11 13:00:01,24.5,6.82
2024-08-11 13:30:12,24.63,6.81
2024-08-11 14:00:26,24.63,6.79
2024-08-11 14:29:46,24.63,6.79
2024-08-11 15:00:46,24.5,6.8
2024-08-11 15:30:06,24.31,6.81
2024-08-11 16:00:15,24.13,6.77
2024-08-11 16:29:36,23.75,6.75
2024-08-11 17:00:34,23.5,6.74
2024-08-11 17:29:53,23.25,6.73
2024-08-11 18:00:19,23.0,6.7
2024-08-11 18:29:51,22.81,6.68
2024-08-11 19:00:07,22.63,6.7
2024-08-11 19:30:17,22.44,6.68
2024-08-11 20:00:29,22.38,6.67
2024-08-11 20:29:50,22.25,6.68
2024-08-11 21:00:46,22.13,6.68
2024-08-11 21:30:05,22.0,6.64
2024-08-11 22:00:14,21.88,6.65
2024-08-11 22:30:23,21.69,6.66
2024-08-11 23:00:35,21.5,6.64
2024-08-11 23:29:59,21.38,6.65
2024-08-12 00:00:20,21.19,6.6
2024-08-12 00:29:43,21.0,6.61
2024-08-12 01:00:39,20.94,6.59
2024-08-12 01:29:57,20.81,6.61
2024-08-12 02:00:04,20.63,6.59
2024-08-12 02:30:13,20.5,6.59
2024-08-12 03:00:25,20.44,6.57
2024-08-12 03:29:48,20.31,6.57
2024-08-12 04:00:44,20.13,6.54
2024-08-12 04:30:07,20.06,6.54
2024-08-12 05:00:17,20.0,6.53
2024-08-12 05:30:24,19.81,6.53
2024-08-12 06:00:31,19.75,6.56
2024-08-12 06:29:49,19.75,6.53
2024-08-12 07:00:44,19.75,6.53
2024-08-12 07:30:03,19.81,6.53
2024-08-12 08:00:24,19.75,6.52
2024-08-12 08:29:46,19.88,6.55
2024-08-12 09:00:48,20.06,6.54
2024-08-12 09:30:08,20.38,6.57
2024-08-12 10:00:26,20.75,6.59
2024-08-12 10:30:00,,
2024-08-12 11:00:00,,
2024-08-12 11:30:00,,
2024-08-12 12:08:36,22.25,6.78
2024-08-12 12:29:50,22.5,6.68
2024-08-12 13:00:47,22.81,6.71
2024-08-12 13:30:17,23.06,6.71
2024-08-12 14:00:29,23.31,6.75
2024-08-12 14:29:52,23.44,6.73
2024-08-12 15:00:07,23.5,6.75
2024-08-12 15:30:17,23.5,6.73
2024-08-12 16:00:27,23.44,6.75
2024-08-12 16:29:48,23.44,6.74
2024-08-12 17:00:46,23.38,6.71
2024-08-12 17:30:07,23.31,6.73
2024-08-12 18:00:29,23.13,6.73
2024-08-12 18:29:46,23.0,6.71
2024-08-12 19:00:44,22.88,6.7
2024-08-12 19:30:03,22.81,6.68
2024-08-12 20:00:12,22.69,6.72
2024-08-12 20:30:21,22.56,6.68
2024-08-12 21:00:28,22.5,6.68
2024-08-12 21:29:53,22.38,6.68
2024-08-12 22:00:01,22.25,6.65
2024-08-12 22:30:13,22.19,6.66
2024-08-12 23:00:21,22.06,6.66
2024-08-12 23:29:50,22.0,6.66
2024-08-13 00:01:01,21.88,6.65
2024-08-13 00:29:45,21.75,6.64
2024-08-13 01:00:43,21.63,6.62
2024-08-13 01:30:15,21.5,6.62
2024-08-13 02:00:21,21.44,6.64
2024-08-13 02:29:51,21.25,6.61
2024-08-13 03:00:46,21.13,6.61
2024-08-13 03:30:15,21.06,6.6
2024-08-13 04:00:22,20.94,6.61
2024-08-13 04:29:40,20.81,6.59
2024-08-13 05:00:47,20.69,6.57
2024-08-13 05:30:05,20.63,6.59
2024-08-13 06:00:37,20.56,6.61
2024-08-13 06:30:01,20.5,6.59
2024-08-13 07:00:29,20.5,6.57
2024-08-13 07:29:51,20.56,6.6
2024-08-13 08:01:01,20.69,6.57
2024-08-13 08:29:45,20.88,6.57
2024-08-13 09:00:44,20.94,6.59
2024-08-13 09:30:05,21.31,6.62
2024-08-13 10:00:19,21.69,6.61
2024-08-13 10:29:40,22.06,6.64
2024-08-13 11:00:39,22.5,6.7
2024-08-13 11:30:02,22.94,6.7
2024-08-13 12:00:14,23.31,6.74
2024-08-13 12:29:41,23.63,6.75
2024-08-13 13:00:43,24.0,6.76
2024-08-13 13:30:03,24.25,6.78
2024-08-13 14:00:14,24.44,6.77
2024-08-13 14:30:24,24.56,6.79
2024-08-13 15:00:33,24.5,6.79
2024-08-13 15:29:56,24.56,6.78
2024-08-13 16:00:07,24.5,6.79
2024-08-13 16:30:21,24.38,6.79
2024-08-13 17:00:30,24.19,6.75
2024-08-13 17:29:50,24.06,6.76
2024-08-13 18:00:15,23.88,6.77
2024-08-13 18:29:47,23.75,6.74
2024-08-13 19:00:45,23.63,6.74
2024-08-13 19:30:06,23.5,6.75
2024-08-13 20:00:16,23.38,6.73
2024-08-13 20:30:10,23.25,6.73
2024-08-13 21:00:19,23.19,6.7
2024-08-13 21:29:38,23.06,6.73
2024-08-13 22:00:35,22.94,6.7
2024-08-13 22:29:53,22.88,6.73
2024-08-13 23:00:01,22.75,6.7
2024-08-13 23:30:07,22.69,6.7
2024-08-14 00:00:28,22.56,6.66
2024-08-14 00:29:42,22.5,6.68
2024-08-14 01:00:40,22.38,6.68
2024-08-14 01:29:57,22.31,6.66
2024-08-14 02:00:04,22.19,6.65
2024-08-14 02:30:11,22.0,6.65
2024-08-14 03:00:18,21.94,6.65
2024-08-14 03:29:41,21.81,6.65
2024-08-14 04:00:37,21.81,6.64
2024-08-14 04:29:55,21.69,6.65
2024-08-14 05:00:02,21.63,6.64
2024-08-14 05:30:08,21.5,6.64
2024-08-14 06:00:15,21.44,6.62
2024-08-14 06:30:22,21.44,6.62
2024-08-14 07:00:30,21.44,6.62
2024-08-14 07:29:49,21.44,6.64
2024-08-14 08:01:00,21.44,6.61
2024-08-14 08:29:48,21.56,6.62
2024-08-14 09:00:44,21.81,6.65
2024-08-14 09:30:00,,
2024-08-14 10:00:00,,
2024-08-14 10:30:00,,
2024-08-14 11:00:00,,
2024-08-14 11:30:00,,
2024-08-14 12:00:00,,
2024-08-14 12:30:00,,
2024-08-14 13:00:00,,
2024-08-14 13:30:00,,
2024-08-14 14:00:00,,
2024-08-14 14:30:00,,
2024-08-14 15:00:00,,
2024-08-14 15:30:00,,
2024-08-14 16:00:00,,
2024-08-14 16:30:19,24.69,6.83
2024-08-14 17:00:32,24.56,6.78
2024-08-14 17:29:57,24.31,6.79
2024-08-14 18:00:20,24.06,6.77
2024-08-14 18:29:45,23.81,6.76
2024-08-14 19:00:41,23.69,6.73
2024-08-14 19:30:01,23.5,6.75
2024-08-14 20:00:07,23.38,6.74
2024-08-14 20:30:19,23.31,6.7
2024-08-14 21:00:26,23.19,6.7
2024-08-14 21:29:44,23.06,6.7
2024-08-14 22:00:40,23.0,6.68
2024-08-14 22:29:57,22.88,6.7
2024-08-14 23:00:04,22.81,6.68
2024-08-14 23:30:10,22.75,6.71
2024-08-15 00:02:02,22.63,6.68
2024-08-15 00:29:44,22.63,6.68
2024-08-15 01:00:44,22.5,6.66
2024-08-15 01:30:01,22.38,6.66
2024-08-15 02:00:07,22.31,6.66
2024-08-15 02:30:17,22.25,6.65
2024-08-15 03:00:23,22.13,6.66
2024-08-15 03:29:43,21.94,6.65
2024-08-15 04:00:37,21.88,6.61
2024-08-15 04:29:55,21.75,6.65
2024-08-15 05:00:02,21.63,6.62
2024-08-15 05:30:08,21.5,6.62
2024-08-15 06:00:14,21.38,6.6
2024-08-15 06:30:21,21.25,6.61
2024-08-15 07:00:28,21.25,6.6
2024-08-15 07:29:45,21.13,6.6
2024-08-15 08:00:54,21.19,6.57
2024-08-15 08:29:43,21.19,6.59
2024-08-15 09:00:38,21.38,6.57
2024-08-15 09:30:00,21.63,6.61
2024-08-15 10:00:07,21.94,6.64
2024-08-15 10:30:15,22.44,6.65
2024-08-15 11:00:23,22.69,6.66
2024-08-15 11:29:42,23.06,6.68
2024-08-15 12:00:41,23.38,6.71
2024-08-15 12:30:04,23.56,6.72
2024-08-15 13:00:18,23.81,6.74
2024-08-15 13:29:41,24.0,6.75
2024-08-15 14:00:39,24.13,6.74
2024-08-15 14:30:01,24.25,6.78
2024-08-15 15:00:13,24.25,6.76
2024-08-15 15:29:37,24.19,6.76
2024-08-15 16:00:37,24.0,6.77
2024-08-15 16:30:14,23.81,6.74
2024-08-15 17:00:22,23.69,6.73
2024-08-15 17:29:41,23.44,6.7
2024-08-15 18:00:51,23.19,6.72
2024-08-15 18:32:04,23.06,6.71
2024-08-15 19:00:34,22.81,6.66
2024-08-15 19:29:54,22.56,6.66
2024-08-15 20:00:01,22.5,6.65
2024-08-15 20:30:12,22.31,6.66
2024-08-15 21:00:20,22.19,6.66
2024-08-15 21:29:42,22.0,6.64
2024-08-15 22:00:38,21.88,6.64
2024-08-15 22:29:58,21.81,6.64
2024-08-15 23:00:06,21.75,6.62
2024-08-15 23:30:13,21.63,6.61
2024-08-16 00:00:33,21.5,6.61
2024-08-16 00:29:41,21.38,6.6
2024-08-16 01:00:36,21.25,6.61
2024-08-16 01:29:54,21.19,6.62
2024-08-16 02:00:00,21.0,6.57
2024-08-16 02:30:07,20.88,6.6
2024-08-16 03:00:13,20.81,6.56
2024-08-16 03:30:21,20.75,6.56
2024-08-16 04:00:27,20.56,6.57
2024-08-16 04:29:46,20.5,6.57
2024-08-16 05:00:42,20.38,6.56
2024-08-16 05:30:02,20.25,6.54
2024-08-16 06:00:09,20.13,6.56
2024-08-16 06:30:16,20.13,6.53
2024-08-16 07:00:23,20.19,6.55
2024-08-16 07:29:42,20.25,6.54
2024-08-16 08:00:52,20.31,6.55
2024-08-16 08:29:46,20.38,6.54
2024-08-16 09:00:45,20.56,6.53
2024-08-16 09:30:03,20.94,6.53
2024-08-16 10:00:16,21.25,6.59
2024-08-16 10:29:36,21.69,6.6
2024-08-16 11:00:36,22.19,6.65
2024-08-16 11:29:59,22.69,6.65
2024-08-16 12:00:07,23.0,6.67
2024-08-16 12:30:20,23.38,6.71
2024-08-16 13:00:28,23.69,6.73
2024-08-16 13:29:50,24.0,6.72
2024-08-16 14:00:29,24.19,6.74
2024-08-16 14:20:00,24.38,6.77
2024-08-16 15:00:40,24.5,6.75
2024-08-16 15:29:56,24.5,6.74
2024-08-16 16:00:14,24.44,6.73
2024-08-16 16:29:35,24.31,6.75
2024-08-16 17:02:41,26.44,6.79
2024-08-16 17:30:00,,
2024-08-16 18:00:00,,
2024-08-16 18:30:00,,
2024-08-16 19:00:00,,
2024-08-16 19:30:00,,
2024-08-16 20:00:10,26.94,6.86
2024-08-16 20:30:00,,
2024-08-16 21:00:00,,
2024-08-16 21:30:00,,
2024-08-16 22:00:00,,
2024-08-16 22:30:00,,
2024-08-16 23:00:00,,
2024-08-16 23:30:00,,
2024-08-17 00:00:00,,
2024-08-17 00:30:00,,
2024-08-17 01:00:00,,
2024-08-17 01:30:00,,
2024-08-17 02:00:00,,
2024-08-17 02:30:00,,
2024-08-17 03:00:00,,
2024-08-17 03:30:00,,
2024-08-17 04:00:00,,
2024-08-17 04:30:00,,
2024-08-17 05:00:00,,
2024-08-17 05:30:00,,
2024-08-17 06:00:00,,
2024-08-17 06:30:00,,
2024-08-17 07:00:00,,
2024-08-17 07:32:11,26.06,6.93
2024-08-17 08:00:00,,
2024-08-17 08:30:00,,
2024-08-17 09:00:00,,
2024-08-17 09:30:00,,
2024-08-17 10:00:00,,
2024-08-17 10:30:00,,
2024-08-17 11:00:00,,
2024-08-17 11:30:00,,
2024-08-17 12:00:24,26.44,6.9
2024-08-17 12:24:26,26.44,6.76
2024-08-17 13:00:25,26.44,6.75
2024-08-17 13:30:00,,
2024-08-17 14:03:22,26.44,6.82
2024-08-17 14:30:00,,
2024-08-17 15:00:00,,
2024-08-17 15:31:43,26.38,6.94
2024-08-17 15:53:43,26.5,6.91
2024-08-17 16:30:00,,
2024-08-17 17:00:00,,
2024-08-17 17:30:00,,
2024-08-17 18:00:00,,
2024-08-17 18:30:00,,
2024-08-17 19:00:00,,
2024-08-17 19:30:00,,
2024-08-17 20:00:00,,
2024-08-17 20:30:00,,
2024-08-17 21:00:00,,
2024-08-17 21:30:00,,
2024-08-17 22:00:00,,
2024-08-17 22:30:00,,
2024-08-17 23:00:00,,
2024-08-17 23:30:00,,
2024-08-19 00:00:00,,
2024-08-19 00:30:00,,
2024-08-19 01:00:00,,
2024-08-19 01:30:00,,
2024-08-19 02:00:00,,
2024-08-19 02:30:00,,
2024-08-19 03:00:00,,
2024-08-19 03:30:00,,
2024-08-19 04:00:00,,
2024-08-19 04:30:00,,
2024-08-19 05:00:00,,
2024-08-19 05:34:06,25.63,6.78
2024-08-19 06:00:08,25.5,6.62
2024-08-19 06:30:16,25.56,6.7
2024-08-19 07:00:00,,
2024-08-19 07:30:00,,
2024-08-19 08:00:01,24.88,6.82
2024-08-19 08:29:47,24.81,6.77
2024-08-19 09:00:00,,
2024-08-19 09:30:00,,
2024-08-19 10:00:00,,
2024-08-19 10:30:00,,
2024-08-19 11:00:00,,
2024-08-19 11:30:00,,
2024-08-19 12:00:00,,
2024-08-19 12:30:00,,
2024-08-19 13:00:00,,
2024-08-19 13:30:00,,
2024-08-19 14:00:27,27.94,6.94
2024-08-19 14:30:03,29.13,7.01
2024-08-19 15:00:49,29.06,7.09
2024-08-19 15:30:00,,
2024-08-19 16:00:00,,
2024-08-19 16:30:00,,
2024-08-19 17:00:00,,
2024-08-19 17:30:00,,
2024-08-19 18:00:00,,
2024-08-19 18:30:00,,
2024-08-19 19:00:00,,
2024-08-19 19:30:00,,
2024-08-19 20:00:00,,
2024-08-19 20:30:00,,
2024-08-19 21:00:00,,
2024-08-19 21:30:00,,
2024-08-19 22:00:00,,
2024-08-19 22:30:00,,
2024-08-19 23:00:00,,
2024-08-19 23:30:00,,
2024-08-22 00:00:00,,
2024-08-22 00:30:00,,
2024-08-22 01:00:00,,
2024-08-22 01:30:00,,
2024-08-22 02:00:00,,
2024-08-22 02:30:00,,
2024-08-22 03:00:00,,
2024-08-22 03:30:00,,
2024-08-22 04:00:00,,
2024-08-22 04:30:00,,
2024-08-22 05:00:00,,
2024-08-22 05:30:00,,
2024-08-22 06:00:00,,
2024-08-22 06:30:00,,
2024-08-22 07:00:00,,
2024-08-22 07:30:00,,
2024-08-22 08:00:00,,
2024-08-22 08:30:00,,
2024-08-22 09:00:00,,
2024-08-22 09:30:00,,
2024-08-22 10:00:00,,
2024-08-22 10:30:00,,
2024-08-22 11:00:00,,
2024-08-22 11:30:00,,
2024-08-22 12:00:00,,
2024-08-22 12:30:00,,
2024-08-22 13:00:00,,
2024-08-22 13:30:00,,
2024-08-22 14:00:00,,
2024-08-22 14:29:39,30.5,7.1
2024-08-22 15:00:35,30.75,7.11
2024-08-22 15:30:11,30.38,7.1
2024-08-22 16:00:00,,
2024-08-22 16:30:00,,
2024-08-22 17:00:00,,
2024-08-22 17:30:00,,
2024-08-22 18:00:00,,
2024-08-22 18:30:00,,
2024-08-22 19:00:00,,
2024-08-22 19:30:00,,
2024-08-22 20:00:00,,
2024-08-22 20:30:00,,
2024-08-22 21:00:00,,
2024-08-22 21:30:00,,
2024-08-22 22:00:00,,
2024-08-22 22:30:00,,
2024-08-22 23:00:00,,
2024-08-22 23:30:00,,
2024-08-24 00:00:00,,
2024-08-24 00:30:00,,
2024-08-24 01:00:00,,
2024-08-24 01:30:00,,
2024-08-24 02:00:00,,
2024-08-24 02:30:00,,
2024-08-24 03:00:00,,
2024-08-24 03:30:00,,
2024-08-24 04:00:00,,
2024-08-24 04:30:00,,
2024-08-24 05:00:00,,
2024-08-24 05:30:00,,
2024-08-24 06:00:00,,
2024-08-24 06:30:00,,
2024-08-24 07:00:00,,
2024-08-24 07:30:00,,
2024-08-24 08:00:00,,
2024-08-24 08:30:00,,
2024-08-24 09:00:00,,
2024-08-24 09:30:00,,
2024-08-24 10:00:00,,
2024-08-24 10:30:00,,
2024-08-24 11:00:00,,
2024-08-24 11:30:00,,
2024-08-24 12:00:00,,
2024-08-24 12:30:00,,
2024-08-24 13:00:00,,
2024-08-24 13:30:00,,
2024-08-24 14:00:01,31.0,7.21
2024-08-24 14:29:49,31.31,7.21
2024-08-24 15:00:06,25.06,6.88
2024-08-24 15:29:38,25.0,6.83
2024-08-24 16:00:47,24.75,6.83
2024-08-24 16:30:16,24.63,6.79
2024-08-24 17:00:29,24.38,6.77
2024-08-24 17:29:50,24.19,6.77
2024-08-24 18:01:05,24.0,6.75
2024-08-24 18:30:00,23.81,6.77
2024-08-24 19:00:12,23.69,6.73
2024-08-24 19:29:40,23.5,6.73
2024-08-24 20:00:10,23.44,6.73
2024-08-24 20:29:53,23.31,6.71
2024-08-24 21:00:24,23.19,6.7
2024-08-24 21:29:59,23.13,6.7
2024-08-24 22:00:28,23.06,6.68
2024-08-24 22:30:06,23.0,6.7
2024-08-24 23:00:30,22.88,6.68
2024-08-24 23:30:04,22.81,6.68
2024-08-25 00:00:31,22.75,6.66
2024-08-25 00:29:52,22.69,6.68
2024-08-25 01:00:17,22.63,6.66
2024-08-25 01:29:55,22.5,6.66
2024-08-25 02:00:19,22.44,6.65
2024-08-25 02:29:53,22.38,6.65
2024-08-25 03:00:16,22.25,6.66
2024-08-25 03:29:50,22.19,6.66
2024-08-25 04:00:18,22.06,6.64
2024-08-25 04:29:50,22.06,6.65
2024-08-25 05:00:17,21.94,6.63
2024-08-25 05:29:52,21.88,6.61
2024-08-25 06:00:18,21.88,6.65
2024-08-25 06:29:56,21.88,6.62
2024-08-25 07:00:27,21.94,6.63
2024-08-25 07:30:05,21.94,6.64
2024-08-25 08:02:08,22.0,6.62
2024-08-25 08:30:06,22.19,6.65
2024-08-25 09:00:36,22.44,6.66
2024-08-25 09:30:21,22.75,6.66
2024-08-25 10:00:50,23.25,6.71
2024-08-25 10:29:42,23.63,6.73
2024-08-25 11:00:13,24.06,6.74
2024-08-25 11:29:59,24.19,6.76
2024-08-25 12:00:34,24.5,6.77
2024-08-25 12:30:20,24.81,6.79
2024-08-25 13:00:11,24.94,6.78
2024-08-25 13:29:57,25.06,6.82
2024-08-25 14:00:40,25.25,6.82
2024-08-25 14:30:20,25.13,6.82
2024-08-25 15:00:02,25.13,6.83
2024-08-25 15:29:49,25.0,6.83
2024-08-25 16:00:25,24.94,6.79
2024-08-25 16:30:08,24.88,6.79
2024-08-25 17:00:43,24.69,6.77
2024-08-25 17:29:36,24.56,6.76
2024-08-25 18:02:08,24.38,6.76
2024-08-25 18:30:08,24.19,6.76
2024-08-25 19:00:44,24.13,6.73
2024-08-25 19:29:35,23.94,6.74
2024-08-25 20:00:02,23.88,6.73
2024-08-25 20:29:43,23.81,6.73
2024-08-25 21:00:12,23.69,6.73
2024-08-25 21:29:57,23.63,6.71
2024-08-25 22:00:30,23.56,6.71
2024-08-25 22:30:12,23.56,6.71
2024-08-25 23:00:37,23.5,6.72
2024-08-25 23:30:13,23.44,6.74
2024-08-26 00:02:08,23.38,6.7
2024-08-26 00:30:01,23.38,6.7
2024-08-26 01:00:24,23.31,6.68
2024-08-26 01:30:02,23.25,6.68
2024-08-26 02:00:30,23.19,6.68
2024-08-26 02:30:05,23.13,6.68
2024-08-26 03:00:29,23.06,6.67
2024-08-26 03:30:05,23.0,6.68
2024-08-26 04:00:30,22.94,6.66
2024-08-26 04:30:06,22.88,6.66
2024-08-26 05:00:49,22.81,6.65
2024-08-26 05:29:54,22.81,6.67
2024-08-26 06:00:48,22.75,6.65
2024-08-26 06:30:24,22.75,6.66
2024-08-26 07:00:01,22.75,6.66
2024-08-26 07:30:23,22.81,6.66
2024-08-26 08:01:10,22.94,6.66
2024-08-26 08:30:18,23.0,6.66
2024-08-26 09:00:51,23.13,6.66
2024-08-26 09:29:42,23.44,6.7
2024-08-26 10:00:17,23.88,6.71
2024-08-26 10:30:08,24.31,6.76
2024-08-26 11:00:42,24.81,6.75
2024-08-26 11:29:36,25.19,6.83
2024-08-26 12:00:13,25.56,6.83
2024-08-26 12:30:04,25.88,6.85
2024-08-26 13:00:42,26.13,6.86
2024-08-26 13:29:40,26.25,6.87
2024-08-26 14:00:24,26.38,6.87
2024-08-26 14:30:07,26.44,6.86
2024-08-26 15:00:34,26.25,6.85
2024-08-26 15:30:16,26.19,6.85
2024-08-26 16:00:48,26.0,6.85
2024-08-26 16:29:48,25.81,6.84
2024-08-26 17:00:25,25.69,6.82
2024-08-26 17:30:08,25.44,6.79
2024-08-26 18:00:08,25.19,6.79
2024-08-26 18:30:10,24.94,6.77
2024-08-26 19:00:48,24.69,6.75
2024-08-26 19:29:37,24.5,6.74
2024-08-26 20:00:10,24.38,6.73
2024-08-26 20:30:00,24.19,6.76
2024-08-26 21:00:30,24.0,6.73
2024-08-26 21:30:09,23.88,6.71
2024-08-26 22:00:39,23.69,6.7
2024-08-26 22:30:18,23.63,6.7
2024-08-26 23:00:46,23.44,6.7
2024-08-26 23:29:36,23.31,6.68
2024-08-27 00:01:05,23.13,6.68
2024-08-27 00:30:08,23.06,6.68
2024-08-27 01:00:35,22.88,6.66
2024-08-27 01:30:21,22.75,6.66
2024-08-27 02:00:06,22.69,6.66
2024-08-27 02:29:42,22.56,6.65
2024-08-27 03:00:12,22.56,6.64
2024-08-27 03:29:54,22.5,6.66
2024-08-27 04:00:24,22.44,6.65
2024-08-27 04:29:47,22.44,6.65
2024-08-27 05:00:41,22.38,6.66
2024-08-27 05:30:21,22.38,6.62
2024-08-27 06:00:49,22.31,6.62
2024-08-27 06:29:41,22.31,6.64
2024-08-27 07:00:15,22.31,6.65
2024-08-27 07:29:56,22.38,6.64
2024-08-27 08:02:11,22.44,6.63
2024-08-27 08:30:15,22.56,6.64
2024-08-27 09:00:44,22.69,6.66
2024-08-27 09:30:20,22.94,6.63
2024-08-27 10:00:41,23.31,6.66
2024-08-27 10:29:53,23.69,6.73
2024-08-27 11:00:35,24.13,6.71
2024-08-27 11:30:11,24.56,6.76
2024-08-27 12:00:47,24.88,6.79
2024-08-27 12:30:23,25.13,6.78
2024-08-27 13:00:00,25.44,6.82
2024-08-27 13:30:59,25.63,6.81
2024-08-27 14:00:38,25.69,6.8
2024-08-27 14:30:11,25.69,6.8
2024-08-27 15:00:05,25.63,6.81
2024-08-27 15:29:42,25.5,6.83
2024-08-27 16:00:03,25.31,6.78
2024-08-27 16:29:43,25.06,6.79
2024-08-27 17:00:01,23.88,6.77
2024-08-27 17:29:38,23.75,6.74
2024-08-27 18:02:51,23.63,6.66
2024-08-27 18:29:43,23.63,6.61
2024-08-27 19:00:11,23.5,6.6
2024-08-27 19:29:59,23.5,6.62
2024-08-27 20:00:37,23.38,6.61
2024-08-27 20:30:12,23.31,6.6
2024-08-27 21:00:38,23.25,6.6
2024-08-27 21:30:06,23.31,6.61
2024-08-27 22:00:30,22.94,6.59
2024-08-27 22:30:04,22.81,6.6
2024-08-27 23:00:22,22.5,6.59
2024-08-27 23:29:50,22.25,6.57
2024-08-28 00:02:07,21.5,6.57
2024-08-28 00:29:57,21.19,6.56
2024-08-28 01:00:15,20.56,6.56
2024-08-28 01:29:42,20.44,6.54
2024-08-28 02:00:49,20.31,6.53
2024-08-28 02:30:17,19.75,6.52
2024-08-28 03:00:33,19.81,6.5
2024-08-28 03:30:07,19.88,6.52
2024-08-28 04:00:25,19.56,6.51
2024-08-28 04:29:57,19.81,6.51
2024-08-28 05:00:37,19.75,6.51
2024-08-28 05:30:17,19.44,6.49
2024-08-28 06:00:41,19.63,6.46
2024-08-28 06:30:15,21.06,6.52
2024-08-28 07:00:45,21.69,6.54
2024-08-28 07:30:19,21.75,6.56
2024-08-28 08:03:37,24.5,6.66
2024-08-28 08:30:15,24.44,6.65
2024-08-28 09:00:02,25.63,6.64
2024-08-28 09:29:41,28.0,6.65
2024-08-28 10:00:28,29.56,6.68
2024-08-28 10:30:21,28.56,6.74
2024-08-28 11:00:49,29.75,6.74
2024-08-28 11:29:37,30.5,6.78
2024-08-28 12:00:09,30.81,6.79
2024-08-28 12:30:06,32.06,6.82
2024-08-28 13:00:44,31.81,6.84
2024-08-28 13:29:49,32.0,6.86
2024-08-28 14:00:29,30.56,6.83
2024-08-28 14:30:18,30.75,6.84
2024-08-28 15:00:07,26.69,6.85
2024-08-28 15:29:50,26.56,6.85
2024-08-28 16:00:28,26.25,6.84
2024-08-28 16:30:15,25.94,6.79
2024-08-28 17:00:03,25.63,6.78
2024-08-28 17:30:01,25.31,6.77
2024-08-28 18:04:08,25.0,6.76
2024-08-28 18:29:39,24.81,6.73
2024-08-28 19:00:14,24.56,6.73
2024-08-28 19:30:02,24.44,6.7
2024-08-28 20:00:39,24.25,6.7
2024-08-28 20:30:20,24.06,6.66
2024-08-28 21:00:49,23.94,6.68
2024-08-28 21:29:40,23.81,6.68
2024-08-28 22:00:08,23.69,6.68
2024-08-28 22:29:48,23.63,6.66
2024-08-28 23:00:18,23.5,6.66
2024-08-28 23:30:00,23.38,6.66
2024-08-29 00:00:29,23.38,6.65
2024-08-29 00:30:08,23.25,6.66
2024-08-29 01:00:38,23.19,6.62
2024-08-29 01:30:15,23.19,6.64
2024-08-29 02:00:47,23.06,6.65
2024-08-29 02:29:38,22.94,6.65
2024-08-29 03:00:10,22.94,6.62
2024-08-29 03:29:53,22.88,6.62
2024-08-29 04:00:34,22.81,6.61
2024-08-29 04:30:15,22.75,6.61
2024-08-29 05:00:42,22.69,6.62
2024-08-29 05:29:35,22.63,6.62
2024-08-29 06:00:04,22.56,6.59
2024-08-29 06:30:00,22.63,6.61
2024-08-29 07:00:31,22.63,6.61
2024-08-29 07:30:21,22.63,6.61
2024-08-29 08:01:05,22.69,6.6
2024-08-29 08:30:16,22.88,6.62
2024-08-29 09:00:47,23.06,6.62
2024-08-29 09:30:00,,
2024-08-29 10:00:00,,
2024-08-29 10:30:00,,
2024-08-29 11:00:00,,
2024-08-29 11:30:00,,
2024-08-29 12:00:00,,
2024-08-29 12:30:00,,
2024-08-29 13:00:00,,
2024-08-29 13:30:00,,
2024-08-29 14:00:00,,
2024-08-29 14:30:00,,
2024-08-29 15:00:07,25.5,6.8
2024-08-29 15:29:50,25.31,6.77
2024-08-29 16:00:29,25.13,6.75
2024-08-29 16:30:15,24.94,6.71
2024-08-29 17:00:00,24.63,6.73
2024-08-29 17:29:43,24.31,6.71
2024-08-29 18:04:08,24.13,6.68
2024-08-29 18:30:17,23.94,6.7
2024-08-29 19:00:48,23.69,6.66
2024-08-29 19:30:20,23.44,6.66
2024-08-29 20:00:50,23.25,6.66
2024-08-29 20:29:36,23.06,6.66
2024-08-29 21:00:00,22.94,6.64
2024-08-29 21:29:35,22.81,6.62
2024-08-29 22:01:41,22.81,6.64
2024-08-29 22:30:21,22.69,6.62
2024-08-29 23:00:36,22.63,6.63
2024-08-29 23:30:01,22.56,6.62
2024-08-30 00:02:07,22.56,6.61
2024-08-30 00:29:55,22.5,6.6
2024-08-30 01:00:10,22.44,6.6
2024-08-30 01:29:36,22.44,6.6
2024-08-30 02:00:43,22.38,6.61
2024-08-30 02:30:15,22.31,6.6
2024-08-30 03:00:34,22.25,6.59
2024-08-30 03:30:10,22.19,6.6
2024-08-30 04:00:25,22.13,6.57
2024-08-30 04:29:49,22.13,6.61
2024-08-30 05:00:10,22.0,6.59
2024-08-30 05:30:07,22.0,6.56
2024-08-30 06:00:13,21.94,6.6
2024-08-30 06:29:40,21.94,6.59
2024-08-30 07:00:01,21.94,6.59
2024-08-30 07:30:20,22.06,6.57
2024-08-30 08:01:07,22.06,6.56
2024-08-30 08:29:42,22.25,6.57
2024-08-30 09:00:10,22.56,6.6
2024-08-30 09:29:53,22.94,6.6
2024-08-30 10:00:22,23.56,6.63
2024-08-30 10:30:01,23.81,6.65
2024-08-30 11:00:36,24.38,6.68
2024-08-30 11:30:19,24.88,6.71
2024-08-30 12:00:46,25.25,6.74
2024-08-30 12:29:38,25.5,6.75
2024-08-30 13:00:24,25.56,6.75
2024-08-30 13:30:06,25.75,6.78
2024-08-30 14:00:40,25.94,6.77
2024-08-30 14:29:49,25.88,6.77
2024-08-30 15:00:32,25.69,6.77
2024-08-30 15:29:39,25.44,6.76
2024-08-30 16:00:21,25.31,6.74
2024-08-30 16:30:04,25.0,6.74
2024-08-30 17:00:41,24.69,6.71
2024-08-30 17:29:38,24.5,6.71
2024-08-30 18:02:09,24.19,6.7
2024-08-30 18:30:18,23.81,6.66
2024-08-30 19:00:05,23.56,6.67
2024-08-30 19:29:46,23.31,6.65
2024-08-30 20:00:13,23.19,6.66
2024-08-30 20:29:53,23.0,6.62
2024-08-30 21:00:27,22.81,6.61
2024-08-30 21:30:01,22.69,6.61
2024-08-30 22:00:25,22.75,6.64
2024-08-30 22:30:02,22.69,6.61
2024-08-30 23:00:26,22.63,6.61
2024-08-30 23:29:58,22.63,6.61
2024-08-31 00:02:08,22.5,6.61
2024-08-31 00:30:04,22.44,6.6
2024-08-31 01:00:28,22.44,6.65
2024-08-31 01:30:05,22.38,6.59
2024-08-31 02:00:27,22.38,6.57
2024-08-31 02:30:07,22.38,6.6
2024-08-31 03:00:08,22.31,6.61
2024-08-31 03:30:07,22.25,6.59
2024-08-31 04:00:29,22.25,6.57
2024-08-31 04:30:02,22.25,6.59
2024-08-31 05:00:29,22.13,6.6
2024-08-31 05:30:11,22.06,6.59
2024-08-31 06:00:34,22.0,6.57
2024-08-31 06:30:10,22.06,6.57
2024-08-31 07:00:36,22.13,6.57
2024-08-31 07:30:09,22.19,6.6
2024-08-31 08:02:08,22.25,6.6
2024-08-31 08:30:04,22.5,6.6
2024-08-31 09:00:39,22.69,6.6
2024-08-31 09:30:18,23.06,6.64
2024-08-31 10:00:47,23.38,6.65
2024-08-31 10:29:38,23.94,6.66
2024-08-31 11:00:08,24.44,6.71
2024-08-31 11:29:51,24.81,6.73
2024-08-31 12:00:22,25.25,6.75
2024-08-31 12:30:08,25.56,6.75
2024-08-31 13:00:45,25.88,6.77
2024-08-31 13:29:36,26.06,6.79
2024-08-31 14:00:09,26.13,6.79
2024-08-31 14:29:57,26.19,6.82
2024-08-31 15:00:33,26.13,6.79
2024-08-31 15:30:20,26.06,6.79
2024-08-31 16:00:49,25.88,6.79
2024-08-31 16:29:50,25.63,6.76
2024-08-31 17:00:24,25.44,6.78
2024-08-31 17:30:11,25.13,6.75
2024-08-31 18:02:14,24.81,6.74
2024-08-31 18:30:22,24.69,6.72
2024-08-31 19:00:05,24.56,6.73
2024-08-31 19:29:49,24.38,6.71
2024-08-31 20:00:19,24.19,6.68
2024-08-31 20:30:04,24.06,6.68
2024-08-31 21:00:37,24.0,6.68
2024-08-31 21:30:16,23.81,6.68
2024-08-31 22:00:50,23.81,6.67
2024-08-31 22:29:39,23.75,6.65
2024-08-31 23:00:09,23.69,6.65
2024-08-31 23:29:51,23.56,6.66
2024-09-01 00:02:08,23.56,6.66
2024-09-01 00:30:11,23.5,6.66
2024-09-01 01:00:41,23.38,6.64
2024-09-01 01:30:20,23.31,6.66
2024-09-01 02:00:00,23.31,6.62
2024-09-01 02:29:46,23.25,6.65
2024-09-01 03:00:19,23.19,6.61
2024-09-01 03:30:00,23.13,6.63
2024-09-01 04:00:31,23.06,6.66
2024-09-01 04:30:14,23.06,6.65
2024-09-01 05:00:48,23.0,6.61
2024-09-01 05:29:36,22.94,6.64
2024-09-01 06:00:09,22.94,6.6
2024-09-01 06:29:51,22.94,6.61
2024-09-01 07:00:20,23.06,6.62
2024-09-01 07:29:59,23.06,6.62
2024-09-01 08:02:13,23.13,6.63
2024-09-01 08:30:10,23.19,6.66
2024-09-01 09:00:43,23.31,6.64
2024-09-01 09:30:24,23.63,6.66
2024-09-01 10:00:07,23.94,6.67
2024-09-01 10:29:56,24.19,6.68
2024-09-01 11:00:30,24.75,6.71
2024-09-01 11:30:18,25.19,6.75
2024-09-01 12:00:03,25.5,6.77
2024-09-01 12:29:50,25.63,6.76
2024-09-01 13:00:42,25.75,6.76
2024-09-01 13:29:40,25.75,6.78
2024-09-01 14:00:21,25.75,6.77
2024-09-01 14:30:13,25.81,6.78
2024-09-01 15:00:07,25.88,6.78
2024-09-01 15:29:52,25.81,6.79
2024-09-01 16:00:47,25.69,6.77
2024-09-01 16:29:51,25.56,6.75
2024-09-01 17:00:36,25.31,6.75
2024-09-01 17:29:35,25.13,6.75
2024-09-01 18:02:11,24.94,6.73
2024-09-01 18:30:18,24.75,6.73
2024-09-01 19:00:05,24.63,6.71
2024-09-01 19:30:04,24.44,6.71
2024-09-01 20:00:42,24.25,6.7
2024-09-01 20:29:42,24.13,6.66
2024-09-01 21:00:20,24.0,6.68
2024-09-01 21:30:08,23.88,6.66
2024-09-01 22:00:45,23.75,6.66
2024-09-01 22:29:50,23.69,6.66
2024-09-01 23:00:21,23.63,6.65
2024-09-01 23:30:04,23.5,6.66
2024-09-02 00:02:08,23.44,6.66
2024-09-02 00:29:39,23.44,6.64
2024-09-02 01:00:40,23.38,6.64
2024-09-02 01:30:24,23.31,6.66
2024-09-02 02:00:06,23.31,6.65
2024-09-02 02:29:54,23.31,6.64
2024-09-02 03:00:27,23.19,6.62
2024-09-02 03:30:11,23.13,6.64
2024-09-02 04:00:43,23.06,6.63
2024-09-02 04:29:37,23.0,6.65
2024-09-02 05:00:12,23.0,6.62
2024-09-02 05:29:54,23.0,6.63
2024-09-02 06:00:27,23.0,6.62
2024-09-02 06:30:15,22.94,6.64
2024-09-02 07:00:46,22.94,6.64
2024-09-02 07:29:39,22.94,6.6
2024-09-02 08:02:10,23.13,6.65
2024-09-02 08:30:23,23.19,6.65
2024-09-02 09:00:49,24.38,6.72
2024-09-02 09:29:35,27.69,6.78
2024-09-02 10:00:12,29.81,6.77
2024-09-02 10:29:50,30.94,6.79
2024-09-02 11:00:14,31.06,6.83
2024-09-02 11:29:48,32.06,6.85
2024-09-02 12:00:12,32.31,6.87
2024-09-02 12:30:08,30.44,6.84
2024-09-02 13:00:45,31.69,6.87
2024-09-02 13:29:47,31.5,6.87
2024-09-02 14:00:23,32.13,6.88
2024-09-02 14:30:18,31.31,6.88
2024-09-02 15:00:05,30.25,6.84
2024-09-02 15:29:53,29.19,6.85
2024-09-02 16:00:28,28.0,6.85
2024-09-02 16:30:12,26.44,6.84
2024-09-02 17:03:06,25.44,6.79
2024-09-02 17:30:18,24.88,6.78
2024-09-02 18:01:02,24.38,6.75
2024-09-02 18:30:11,24.38,6.75
2024-09-02 19:00:46,23.5,6.71
2024-09-02 19:29:36,23.31,6.7
2024-09-02 20:00:06,23.25,6.71
2024-09-02 20:29:47,23.38,6.67
2024-09-02 21:00:15,23.25,6.68
2024-09-02 21:29:56,23.31,6.66
2024-09-02 22:00:26,23.06,6.68
2024-09-02 22:30:11,22.94,6.65
2024-09-02 23:00:38,22.56,6.65
2024-09-02 23:30:20,22.44,6.66
2024-09-03 00:01:03,22.5,6.64
2024-09-03 00:29:36,22.56,6.65
2024-09-03 01:00:07,21.69,6.66
2024-09-03 01:29:47,21.94,6.65
2024-09-03 02:00:15,21.69,6.62
2024-09-03 02:30:01,21.63,6.65
2024-09-03 03:00:29,21.69,6.63
2024-09-03 03:30:13,21.63,6.6
2024-09-03 04:00:43,21.69,6.6
2024-09-03 04:29:40,21.38,6.6
2024-09-03 05:00:14,21.44,6.61
2024-09-03 05:29:52,21.56,6.6
2024-09-03 06:00:19,21.75,6.61
2024-09-03 06:29:57,22.06,6.6
2024-09-03 07:00:24,22.19,6.59
2024-09-03 07:30:01,22.56,6.63
2024-09-03 08:02:11,23.94,6.59
2024-09-03 08:30:10,24.81,6.61
2024-09-03 09:00:39,26.31,6.62
2024-09-03 09:30:17,26.63,6.63
2024-09-03 10:00:00,26.69,6.62
2024-09-03 10:29:45,29.56,6.66
2024-09-03 11:00:16,29.56,6.75
2024-09-03 11:29:57,31.31,6.77
2024-09-03 12:00:29,29.75,6.74
2024-09-03 12:30:08,29.5,6.79
2024-09-03 13:00:43,29.56,6.82
2024-09-03 13:29:38,28.88,6.77
2024-09-03 14:00:11,28.69,6.83
2024-09-03 14:29:59,28.56,6.79
2024-09-03 15:00:40,27.56,6.79
2024-09-03 15:29:40,26.56,6.78
2024-09-03 16:00:31,25.75,6.78
2024-09-03 16:29:46,25.25,6.76
2024-09-03 17:00:28,25.0,6.75
2024-09-03 17:30:22,24.69,6.74
2024-09-03 18:02:09,24.25,6.72
2024-09-03 18:30:14,24.25,6.68
2024-09-03 19:00:14,24.06,6.68
2024-09-03 19:30:03,23.94,6.68
2024-09-03 20:00:51,23.94,6.68
2024-09-03 20:30:05,23.88,6.7
2024-09-03 21:00:42,23.44,6.66
2024-09-03 21:30:23,23.31,6.66
2024-09-03 22:00:02,23.25,6.66
2024-09-03 22:29:48,23.19,6.59
2024-09-03 23:00:20,23.31,6.66
2024-09-03 23:30:03,23.19,6.66
2024-09-04 00:02:08,23.13,6.66
2024-09-04 00:29:41,23.19,6.66
2024-09-04 01:00:22,23.06,6.65
2024-09-04 01:30:07,23.0,6.65
2024-09-04 02:00:41,22.81,6.66
2024-09-04 02:29:37,22.31,6.66
2024-09-04 03:00:10,22.56,6.64
2024-09-04 03:29:58,22.31,6.65
2024-09-04 04:00:31,22.19,6.62
2024-09-04 04:30:15,21.88,6.62
2024-09-04 05:00:02,21.75,6.61
2024-09-04 05:29:44,21.63,6.62
2024-09-04 06:00:17,21.75,6.59
2024-09-04 06:30:01,22.94,6.61
2024-09-04 07:00:35,23.56,6.6
2024-09-04 07:30:18,24.31,6.61
2024-09-04 08:01:05,25.19,6.62
2024-09-04 08:30:23,26.63,6.61
2024-09-04 09:00:04,27.06,6.66
2024-09-04 09:29:46,28.63,6.68
2024-09-04 10:00:19,30.56,6.7
2024-09-04 10:30:11,28.06,6.73
2024-09-04 11:00:45,28.25,6.72
2024-09-04 11:29:48,28.31,6.74
2024-09-04 12:00:25,30.94,6.75
2024-09-04 12:30:10,30.19,6.76
2024-09-04 13:00:42,29.31,6.77
2024-09-04 13:30:23,29.44,6.77
2024-09-04 14:00:12,29.56,6.77
2024-09-04 14:30:13,28.25,6.79
2024-09-04 15:00:07,28.25,6.77
2024-09-04 15:30:00,27.44,6.78
2024-09-04 16:00:45,27.06,6.78
2024-09-04 16:29:47,26.69,6.75
2024-09-04 17:00:30,25.75,6.76
2024-09-04 17:29:39,25.25,6.87
2024-09-04 18:02:09,24.81,6.75
2024-09-04 18:29:36,24.63,6.73
2024-09-04 19:00:28,24.25,6.71
2024-09-04 19:30:24,24.44,6.7
2024-09-04 20:00:15,24.44,6.72
2024-09-04 20:30:03,24.25,6.7
2024-09-04 21:00:40,24.19,6.68
2024-09-04 21:30:23,23.81,6.7
2024-09-04 22:00:11,23.5,6.66
2024-09-04 22:30:01,23.44,6.66
2024-09-04 23:00:38,23.19,6.65
2024-09-04 23:30:19,22.88,6.66
2024-09-05 00:01:02,23.0,6.66
2024-09-05 00:29:59,23.19,6.66
2024-09-05 01:00:25,22.75,6.65
2024-09-05 01:30:04,22.75,6.65
2024-09-05 02:00:34,22.81,6.65
2024-09-05 02:30:25,22.19,6.65
2024-09-05 03:00:17,22.5,6.64
2024-09-05 03:30:09,22.94,6.64
2024-09-05 04:00:46,22.94,6.65
2024-09-05 04:29:40,22.88,6.62
2024-09-05 05:00:12,22.94,6.62
2024-09-05 05:29:57,23.06,6.65
2024-09-05 06:00:30,23.13,6.61
2024-09-05 06:30:18,23.5,6.65
2024-09-05 07:00:04,24.0,6.64
2024-09-05 07:29:43,24.56,6.65
2024-09-05 08:02:09,25.44,6.66
2024-09-05 08:30:11,26.25,6.65
2024-09-05 09:00:43,27.13,6.66
2024-09-05 09:30:23,29.06,6.7
2024-09-05 10:00:03,30.44,6.74
2024-09-05 10:30:05,30.19,6.76
2024-09-05 11:00:29,32.5,6.78
2024-09-05 11:30:06,32.69,6.82
2024-09-05 12:00:31,33.06,6.85
2024-09-05 12:30:05,32.25,6.84
2024-09-05 13:00:39,32.06,6.86
2024-09-05 13:30:18,32.69,6.87
2024-09-05 14:00:42,31.44,6.88
2024-09-05 14:29:44,31.06,6.86
2024-09-05 15:00:23,29.56,6.86
2024-09-05 15:30:20,28.88,6.85
2024-09-05 16:00:00,28.0,6.83
2024-09-05 16:29:42,26.94,6.8
2024-09-05 17:00:18,25.94,6.77
2024-09-05 17:30:03,25.31,6.77
2024-09-05 18:02:08,24.75,6.75
2024-09-05 18:30:14,24.44,6.75
2024-09-05 19:00:45,24.13,6.71
2024-09-05 19:30:24,23.75,6.74
2024-09-05 20:00:09,23.63,6.7
2024-09-05 20:29:50,22.75,6.68
2024-09-05 21:00:17,22.63,6.66
2024-09-05 21:29:56,22.88,6.66
2024-09-05 22:00:33,22.81,6.66
2024-09-05 22:30:12,22.75,6.66
2024-09-05 23:00:39,22.69,6.64
2024-09-05 23:30:15,22.5,6.62
2024-09-06 00:02:13,22.31,6.64
2024-09-06 00:30:18,22.06,6.62
2024-09-06 01:00:46,21.94,6.59
2024-09-06 01:29:35,21.88,6.62
2024-09-06 02:00:09,22.13,6.6
2024-09-06 02:29:48,22.5,6.59
2024-09-06 03:00:15,22.19,6.62
2024-09-06 03:29:56,21.38,6.6
2024-09-06 04:00:26,21.13,6.57
2024-09-06 04:30:02,20.81,6.57
2024-09-06 05:00:29,20.19,6.61
2024-09-06 05:30:05,20.25,6.57
2024-09-06 06:00:37,20.81,6.57
2024-09-06 06:30:14,21.63,6.59
2024-09-06 07:00:40,22.94,6.57
2024-09-06 07:30:15,23.63,6.57
2024-09-06 08:01:11,24.81,6.57
2024-09-06 08:30:05,25.75,6.6
2024-09-06 09:00:33,26.88,6.61
2024-09-06 09:30:08,28.44,6.59
2024-09-06 10:00:33,30.5,6.68
2024-09-06 10:30:04,30.88,6.71
2024-09-06 11:00:32,32.44,6.74
2024-09-06 11:30:08,31.81,6.78
2024-09-06 12:00:01,31.69,6.82
2024-09-06 12:29:51,30.56,6.82
2024-09-06 13:00:19,32.06,6.84
2024-09-06 13:30:18,32.5,6.86
2024-09-06 14:00:01,31.88,6.86
2024-09-06 14:29:54,31.63,6.84
2024-09-06 15:00:37,30.13,6.83
2024-09-06 15:30:13,29.06,6.84
2024-09-06 16:00:50,27.69,6.82
2024-09-06 16:29:47,26.94,6.8
2024-09-06 17:00:19,25.81,6.77
2024-09-06 17:30:00,25.13,6.76
2024-09-06 18:02:09,24.69,6.76
2024-09-06 18:30:09,24.5,6.72
2024-09-06 19:00:37,24.31,6.71
2024-09-06 19:30:21,23.94,6.7
2024-09-06 20:00:49,23.56,6.66
2024-09-06 20:29:37,23.75,6.7
2024-09-06 21:00:03,23.81,6.66
2024-09-06 21:29:41,23.63,6.66
2024-09-06 22:00:15,23.63,6.66
2024-09-06 22:29:54,23.56,6.65
2024-09-06 23:00:26,23.13,6.65
2024-09-06 23:30:07,23.13,6.65
2024-09-07 00:02:08,22.69,6.63
2024-09-07 00:30:05,22.63,6.62
2024-09-07 01:00:34,22.25,6.62
2024-09-07 01:30:16,22.5,6.61
2024-09-07 02:00:49,21.81,6.61
2024-09-07 02:29:41,21.56,6.6
2024-09-07 03:00:10,21.19,6.6
2024-09-07 03:30:00,21.25,6.56
2024-09-07 04:00:38,21.13,6.59
2024-09-07 04:30:21,20.81,6.59
2024-09-07 05:00:05,20.69,6.56
2024-09-07 05:29:52,20.75,6.57
2024-09-07 06:00:19,21.38,6.57
2024-09-07 06:29:58,22.31,6.56
2024-09-07 07:00:25,22.94,6.57
2024-09-07 07:30:05,23.75,6.57
2024-09-07 08:02:11,24.69,6.59
2024-09-07 08:30:11,25.56,6.56
2024-09-07 09:00:42,23.63,6.62
2024-09-07 09:29:37,24.19,6.65
2024-09-07 10:00:44,24.94,6.67
2024-09-07 10:30:11,25.56,6.71
2024-09-07 11:00:40,25.5,6.73
2024-09-07 11:30:19,26.13,6.74
2024-09-07 12:00:43,26.5,6.76
2024-09-07 12:30:26,26.88,6.79
2024-09-07 13:00:09,27.06,6.78
2024-09-07 13:29:46,27.31,6.83
2024-09-07 14:00:13,27.31,6.84
2024-09-07 14:30:02,26.81,6.79
2024-09-07 15:00:28,26.5,6.78
2024-09-07 15:29:43,26.19,6.78
2024-09-07 16:00:03,25.94,6.77
2024-09-07 16:29:57,25.63,6.76
2024-09-07 17:00:27,25.31,6.73
2024-09-07 17:30:01,25.06,6.71
2024-09-07 18:02:08,24.88,6.71
2024-09-07 18:30:08,24.69,6.68
2024-09-07 19:00:34,24.56,6.68
2024-09-07 19:30:07,24.44,6.64
2024-09-07 20:00:35,24.31,6.68
2024-09-07 20:30:09,24.31,6.68
2024-09-07 21:00:31,24.19,6.68
2024-09-07 21:30:06,24.19,6.7
2024-09-07 22:00:33,24.06,6.68
2024-09-07 22:30:11,24.0,6.66
2024-09-07 23:00:39,23.94,6.66
2024-09-07 23:30:10,23.88,6.66
2024-09-08 00:02:08,23.88,6.68
2024-09-08 00:30:00,23.81,6.66
2024-09-08 01:00:23,23.69,6.66
2024-09-08 01:29:59,23.75,6.64
2024-09-08 02:00:23,23.75,6.64
2024-09-08 02:29:58,23.69,6.65
2024-09-08 03:00:22,23.63,6.66
2024-09-08 03:29:58,23.63,6.65
2024-09-08 04:00:20,23.63,6.64
2024-09-08 04:29:52,23.56,6.66
2024-09-08 05:00:17,23.63,6.65
2024-09-08 05:29:53,23.56,6.65
2024-09-08 06:00:16,23.63,6.66
2024-09-08 06:30:05,23.69,6.64
2024-09-08 07:00:32,23.69,6.64
2024-09-08 07:30:07,23.81,6.64
2024-09-08 08:02:18,23.88,6.66
2024-09-08 08:30:09,24.25,6.66
2024-09-08 09:00:36,24.75,6.66
2024-09-08 09:29:47,25.06,6.73
2024-09-08 10:00:24,25.31,6.73
2024-09-08 10:30:04,25.69,6.73
2024-09-08 11:00:28,26.5,6.74
2024-09-08 11:30:07,27.0,6.78
2024-09-08 12:00:32,26.69,6.78
2024-09-08 12:30:12,26.69,6.79
2024-09-08 13:00:47,27.06,6.78
2024-09-08 13:30:24,26.88,6.79
2024-09-08 14:00:49,26.31,6.78
2024-09-08 14:29:40,26.19,6.78
2024-09-08 15:00:04,26.31,6.77
2024-09-08 15:29:42,26.13,6.77
2024-09-08 16:00:06,25.63,6.77
2024-09-08 16:29:46,25.5,6.75
2024-09-08 17:00:11,25.31,6.75
2024-09-08 17:29:48,25.25,6.73
2024-09-08 18:02:09,25.13,6.71
2024-09-08 18:30:04,25.0,6.71
2024-09-08 19:00:28,24.88,6.7
2024-09-08 19:30:09,24.81,6.7
2024-09-08 20:00:36,24.63,6.68
2024-09-08 20:30:06,24.5,6.68
2024-09-08 21:00:31,24.44,6.7
2024-09-08 21:30:02,24.38,6.66
2024-09-08 22:00:25,24.25,6.66
2024-09-08 22:30:00,24.19,6.66
2024-09-08 23:00:19,24.06,6.68
2024-09-08 23:30:03,24.0,6.66
2024-09-09 00:02:09,23.94,6.66
2024-09-09 00:30:13,23.88,6.66
2024-09-09 01:00:30,23.81,6.66
2024-09-09 01:29:58,23.69,6.64
2024-09-09 02:00:15,23.56,6.62
2024-09-09 02:29:57,23.5,6.64
2024-09-09 03:00:14,23.44,6.65
2024-09-09 03:29:44,23.31,6.62
2024-09-09 04:00:01,23.25,6.63
2024-09-09 04:29:36,23.19,6.6
2024-09-09 05:00:52,23.19,6.65
2024-09-09 05:30:21,23.13,6.63
2024-09-09 06:00:39,23.13,6.61
2024-09-09 06:30:12,23.19,6.6
2024-09-09 07:00:30,23.25,6.6
2024-09-09 07:30:00,23.31,6.65
2024-09-09 08:02:09,23.5,6.65
2024-09-09 08:29:59,23.75,6.65
2024-09-09 09:00:00,,
2024-09-09 09:30:00,,
2024-09-09 10:00:34,26.31,6.78
2024-09-09 10:29:36,26.44,6.82
2024-09-09 11:00:05,26.63,6.81
2024-09-09 11:29:47,26.81,6.82
2024-09-09 12:00:23,27.19,6.85
2024-09-09 12:30:03,27.31,6.84
2024-09-09 13:00:40,27.38,6.86
2024-09-09 13:29:36,27.56,6.84
2024-09-09 14:00:18,27.56,6.86
2024-09-09 14:30:04,27.44,6.86
2024-09-09 15:00:49,27.25,6.84
2024-09-09 15:29:51,26.88,6.83
2024-09-09 16:00:36,26.25,6.82
2024-09-09 16:30:23,26.13,6.74
2024-09-09 17:00:08,26.06,6.77
2024-09-09 17:29:49,25.88,6.78
2024-09-09 18:02:11,25.69,6.74
2024-09-09 18:30:20,25.5,6.76
2024-09-09 19:00:00,25.38,6.74
2024-09-09 19:29:47,25.25,6.74
2024-09-09 20:00:29,25.06,6.72
2024-09-09 20:30:17,24.94,6.71
2024-09-09 21:00:00,24.69,6.71
2024-09-09 21:29:38,24.63,6.71
2024-09-09 22:00:07,24.5,6.68
2024-09-09 22:30:00,24.31,6.71
2024-09-09 23:00:30,24.25,6.68
2024-09-09 23:30:17,24.19,6.7
2024-09-10 00:02:11,24.13,6.7
2024-09-10 00:28:26,23.94,6.66
2024-09-10 01:03:17,23.88,6.66
2024-09-10 01:30:24,23.75,6.65
2024-09-10 02:00:02,23.63,6.66
2024-09-10 02:29:42,23.56,6.66
2024-09-10 03:00:09,23.56,6.64
2024-09-10 03:29:45,23.5,6.65
2024-09-10 04:00:10,23.44,6.64
2024-09-10 04:29:47,23.44,6.65
2024-09-10 05:00:23,23.38,6.65
2024-09-10 05:28:51,23.38,6.66
2024-09-10 06:00:11,23.44,6.64
2024-09-10 06:29:53,23.5,6.62
2024-09-10 07:00:11,23.5,6.66
2024-09-10 07:30:25,23.63,6.66
2024-09-10 08:01:08,23.75,6.64
2024-09-10 08:30:13,23.94,6.66
2024-09-10 09:00:10,24.13,6.68
2024-09-10 09:30:04,24.88,6.7
2024-09-10 10:00:38,25.06,6.7
2024-09-10 10:29:48,25.25,6.73
2024-09-10 11:00:26,25.56,6.77
2024-09-10 11:30:12,26.0,6.78
2024-09-10 12:00:45,26.44,6.81
2024-09-10 12:29:46,26.5,6.79
2024-09-10 13:00:28,26.75,6.84
2024-09-10 13:30:22,26.81,6.83
2024-09-10 14:00:04,26.88,6.82
2024-09-10 14:29:49,26.44,6.79
2024-09-10 15:00:26,26.31,6.78
2024-09-10 15:30:15,26.25,6.77
2024-09-10 16:00:00,26.06,6.77
2024-09-10 16:29:50,25.75,6.77
2024-09-10 17:00:31,25.44,6.75
2024-09-10 17:29:42,25.31,6.74
2024-09-10 18:02:08,25.13,6.74
2024-09-10 18:30:15,25.06,6.72
2024-09-10 19:00:05,24.94,6.71
2024-09-10 19:29:55,24.88,6.73
2024-09-10 20:00:29,24.81,6.71
2024-09-10 20:29:38,24.63,6.71
2024-09-10 21:00:10,24.63,6.71
2024-09-10 21:29:52,24.56,6.7
2024-09-10 22:00:22,24.5,6.7
2024-09-10 22:30:06,24.38,6.7
2024-09-10 23:00:36,24.31,6.66
2024-09-10 23:30:06,24.25,6.66
2024-09-11 00:02:11,24.19,6.7
2024-09-11 00:30:10,24.13,6.66
2024-09-11 01:00:24,24.06,6.68
2024-09-11 01:29:49,24.06,6.68
2024-09-11 02:00:21,23.88,6.66
2024-09-11 02:30:19,23.81,6.65
2024-09-11 03:00:15,23.75,6.66
2024-09-11 03:29:59,23.75,6.65
2024-09-11 04:00:28,23.63,6.66
2024-09-11 04:30:09,23.56,6.66
2024-09-11 05:00:43,23.5,6.66
2024-09-11 05:30:23,23.44,6.65
2024-09-11 06:00:08,23.38,6.64
2024-09-11 06:29:55,23.31,6.65
2024-09-11 07:00:29,23.38,6.65
2024-09-11 07:29:54,23.44,6.66
2024-09-11 08:02:09,23.56,6.66
2024-09-11 08:30:01,23.63,6.66
2024-09-11 09:00:03,23.88,6.66
2024-09-11 09:29:53,24.25,6.66
2024-09-11 10:00:34,24.56,6.7
2024-09-11 10:30:15,25.06,6.75
2024-09-11 11:00:48,25.69,6.75
2024-09-11 11:29:38,26.19,6.79
2024-09-11 12:00:15,26.5,6.82
2024-09-11 12:30:00,26.81,6.79
2024-09-11 13:00:33,27.06,6.84
2024-09-11 13:30:17,27.25,6.83
2024-09-11 14:00:02,27.31,6.85
2024-09-11 14:29:46,27.06,6.85
2024-09-11 15:00:11,26.94,6.82
2024-09-11 15:29:54,26.75,6.82
2024-09-11 16:00:31,26.56,6.82
2024-09-11 16:29:54,26.31,6.78
2024-09-11 17:00:29,26.0,6.77
2024-09-11 17:30:10,25.81,6.75
2024-09-11 18:02:08,25.44,6.74
2024-09-11 18:30:00,25.31,6.75
2024-09-11 19:00:06,25.06,6.72
2024-09-11 19:29:49,24.94,6.7
2024-09-11 20:00:24,24.75,6.71
2024-09-11 20:30:09,24.63,6.73
2024-09-11 21:00:44,24.38,6.7
2024-09-11 21:30:23,24.31,6.7
2024-09-11 22:00:29,24.19,6.66
2024-09-11 22:29:52,24.06,6.7
2024-09-11 23:00:37,24.0,6.65
2024-09-11 23:30:01,23.88,6.65
2024-09-12 00:02:08,23.75,6.66
2024-09-12 00:30:06,23.69,6.64
2024-09-12 01:00:34,23.56,6.65
2024-09-12 01:30:10,23.44,6.64
2024-09-12 02:00:37,23.31,6.65
2024-09-12 02:30:14,23.31,6.63
2024-09-12 03:00:42,23.19,6.62
2024-09-12 03:30:22,23.13,6.64
2024-09-12 04:00:51,23.06,6.64
2024-09-12 04:29:46,22.94,6.6
2024-09-12 05:00:17,22.81,6.65
2024-09-12 05:29:43,22.81,6.61
2024-09-12 06:00:10,22.69,6.61
2024-09-12 06:29:48,22.81,6.61
2024-09-12 07:00:37,22.81,6.61
2024-09-12 07:30:17,22.81,6.61
2024-09-12 08:02:08,22.88,6.64
2024-09-12 08:30:10,23.06,6.62
2024-09-12 09:00:12,23.31,6.64
2024-09-12 09:29:52,23.69,6.61
2024-09-12 10:00:29,24.19,6.66
2024-09-12 10:30:10,24.63,6.7
2024-09-12 11:00:44,25.13,6.66
2024-09-12 11:29:37,25.44,6.76
2024-09-12 12:00:12,25.94,6.76
2024-09-12 12:30:21,26.31,6.78
2024-09-12 13:00:43,26.56,6.82
2024-09-12 13:30:25,26.69,6.82
2024-09-12 14:00:20,26.69,6.83
2024-09-12 14:30:12,26.75,6.84
2024-09-12 15:00:36,26.69,6.79
2024-09-12 15:30:00,26.56,6.79
2024-09-12 16:00:07,26.25,6.77
2024-09-12 16:30:03,25.94,6.76
2024-09-12 17:00:25,25.56,6.75
2024-09-12 17:30:10,25.25,6.76
2024-09-12 18:02:15,24.88,6.73
2024-09-12 18:29:48,24.56,6.7
2024-09-12 19:00:19,24.25,6.68
2024-09-12 19:29:43,24.06,6.66
2024-09-12 20:00:01,23.94,6.66
2024-09-12 20:29:52,23.81,6.68
2024-09-12 21:00:05,23.69,6.66
2024-09-12 21:30:13,23.63,6.65
2024-09-12 22:00:15,23.44,6.66
2024-09-12 22:30:26,23.38,6.65
2024-09-12 23:00:37,23.19,6.63
2024-09-12 23:29:48,23.13,6.61
2024-09-13 00:02:10,23.06,6.61
2024-09-13 00:29:41,22.94,6.61
2024-09-13 01:00:31,22.88,6.6
2024-09-13 01:29:35,22.75,6.6
2024-09-13 02:00:25,22.56,6.61
2024-09-13 02:30:24,22.56,6.59
2024-09-13 03:00:20,22.31,6.56
2024-09-13 03:30:21,22.25,6.57
2024-09-13 04:00:15,22.19,6.56
2024-09-13 04:29:50,22.0,6.54
2024-09-13 05:00:42,21.94,6.56
2024-09-13 05:29:51,21.81,6.53
2024-09-13 06:00:10,21.69,6.55
2024-09-13 06:30:26,21.81,6.54
2024-09-13 07:00:28,21.81,6.54
2024-09-13 07:29:44,21.88,6.54
2024-09-13 08:00:49,21.94,6.54
2024-09-13 08:30:26,22.13,6.56
2024-09-13 09:00:40,22.44,6.57
2024-09-13 09:30:21,22.81,6.61
2024-09-13 10:00:27,23.38,6.65
2024-09-13 10:29:44,24.0,6.65
2024-09-13 11:00:51,24.63,6.7
2024-09-13 11:30:05,25.06,6.71
2024-09-13 12:00:11,25.5,6.73
2024-09-13 12:30:22,25.75,6.75
2024-09-13 13:00:44,25.94,6.77
2024-09-13 13:30:10,26.0,6.77
2024-09-13 14:00:25,26.0,6.76
2024-09-13 14:29:42,26.0,6.76
2024-09-13 15:00:51,25.81,6.75
2024-09-13 15:29:34,25.56,6.74
2024-09-13 16:00:46,25.19,6.66
2024-09-13 16:30:24,25.0,6.73
2024-09-13 17:00:34,24.88,6.73
2024-09-13 17:29:53,24.56,6.7
2024-09-13 18:00:50,24.38,6.68
2024-09-13 18:30:08,24.13,6.67
2024-09-13 19:00:18,24.0,6.67
2024-09-13 19:29:36,23.88,6.65
2024-09-13 20:00:38,23.75,6.65
2024-09-13 20:29:51,23.63,6.62
2024-09-13 21:00:47,23.56,6.62
2024-09-13 21:29:56,23.5,6.64
2024-09-13 22:00:52,23.38,6.64
2024-09-13 22:30:08,23.31,6.61
2024-09-13 23:00:33,23.19,6.63
2024-09-13 23:29:55,23.06,6.61
2024-09-14 00:02:15,22.94,6.62
2024-09-14 00:29:42,22.94,6.61
2024-09-14 01:00:36,22.81,6.62
2024-09-14 01:29:44,22.75,6.6
2024-09-14 02:00:36,22.63,6.61
2024-09-14 02:29:45,22.56,6.59
2024-09-14 03:00:40,22.44,6.57
2024-09-14 03:29:56,22.31,6.56
2024-09-14 04:00:02,22.19,6.56
2024-09-14 04:30:09,22.13,6.57
2024-09-14 05:00:10,21.94,6.55
2024-09-14 05:30:12,21.88,6.56
2024-09-14 06:00:17,21.75,6.54
2024-09-14 06:30:22,21.81,6.56
2024-09-14 07:00:24,21.75,6.54
2024-09-14 07:29:42,21.88,6.57
2024-09-14 08:00:36,22.0,6.57
2024-09-14 08:29:50,22.13,6.56
2024-09-14 09:00:00,22.5,6.56
2024-09-14 09:30:14,22.94,6.57
2024-09-14 10:00:25,23.56,6.63
2024-09-14 10:29:54,24.13,6.66
2024-09-14 11:00:08,24.69,6.71
2024-09-14 11:30:25,25.19,6.73
2024-09-14 12:00:30,25.69,6.77
2024-09-14 12:29:56,25.94,6.74
2024-09-14 13:00:13,26.13,6.78
2024-09-14 13:30:20,26.19,6.72
2024-09-14 14:00:36,26.19,6.78
2024-09-14 14:30:03,26.06,6.76
2024-09-14 15:00:18,25.75,6.75
2024-09-14 15:29:44,25.5,6.74
2024-09-14 16:00:02,25.31,6.71
2024-09-14 16:29:34,25.0,6.7
2024-09-14 17:00:52,24.75,6.68
2024-09-14 17:30:15,24.44,6.7
2024-09-14 18:00:30,24.19,6.67
2024-09-14 18:29:53,24.13,6.66
2024-09-14 19:00:15,23.94,6.66
2024-09-14 19:30:23,23.75,6.64
2024-09-14 20:00:26,23.69,6.64
2024-09-14 20:29:58,23.56,6.62
2024-09-14 21:00:16,23.44,6.6
2024-09-14 21:29:34,23.31,6.62
2024-09-14 22:00:42,23.19,6.64
2024-09-14 22:29:54,23.13,6.64
2024-09-14 23:00:46,22.94,6.61
2024-09-14 23:29:51,22.88,6.62
2024-09-15 00:02:10,22.75,6.59
2024-09-15 00:30:25,22.75,6.6
2024-09-15 01:00:22,22.69,6.6
2024-09-15 01:30:16,22.63,6.61
2024-09-15 02:00:11,22.56,6.6
2024-09-15 02:30:10,22.38,6.57
2024-09-15 03:00:07,22.38,6.59
2024-09-15 03:30:04,22.25,6.59
2024-09-15 04:00:01,22.13,6.57
2024-09-15 04:30:00,22.0,6.54
2024-09-15 05:00:50,21.94,6.56
2024-09-15 05:29:52,21.81,6.55
2024-09-15 06:00:37,21.81,6.53
2024-09-15 06:29:44,21.81,6.57
2024-09-15 07:00:29,21.81,6.53
2024-09-15 07:29:38,21.88,6.54
2024-09-15 08:00:44,21.88,6.53
2024-09-15 08:29:55,22.06,6.56
2024-09-15 09:00:03,22.38,6.57
2024-09-15 09:30:02,22.81,6.57
2024-09-15 10:00:03,23.44,6.62
2024-09-15 10:30:15,24.0,6.68
2024-09-15 11:00:22,24.63,6.66
2024-09-15 11:30:25,25.13,6.73
2024-09-15 12:00:27,25.63,6.71
2024-09-15 12:29:42,25.94,6.75
2024-09-15 13:00:38,26.19,6.77
2024-09-15 13:29:56,26.31,6.77
2024-09-15 14:00:50,26.38,6.78
2024-09-15 14:30:01,26.38,6.78
2024-09-15 15:00:06,26.19,6.78
2024-09-15 15:30:12,26.06,6.76
2024-09-15 16:00:14,25.69,6.74
2024-09-15 16:29:38,25.31,6.76
2024-09-15 17:00:43,25.0,6.74
2024-09-15 17:30:01,24.63,6.7
2024-09-15 18:00:13,24.44,6.65
2024-09-15 18:30:24,24.19,6.66
2024-09-15 19:00:34,24.0,6.66
2024-09-15 19:30:18,23.88,6.66
2024-09-15 20:00:51,23.75,6.65
2024-09-15 20:29:53,23.69,6.66
2024-09-15 21:00:29,23.63,6.65
2024-09-15 21:29:52,23.5,6.65
2024-09-15 22:00:34,23.44,6.63
2024-09-15 22:29:47,23.31,6.65
2024-09-15 23:00:44,23.25,6.62
2024-09-15 23:30:17,23.19,6.64
2024-09-16 00:02:09,23.13,6.63
2024-09-16 00:30:26,23.06,6.61
2024-09-16 01:00:25,23.06,6.64
2024-09-16 01:30:22,23.0,6.6
2024-09-16 02:00:21,22.94,6.61
2024-09-16 02:30:07,22.81,6.61
2024-09-16 03:00:00,22.75,6.6
2024-09-16 03:29:54,22.63,6.61
2024-09-16 04:00:38,22.56,6.6
2024-09-16 04:29:40,22.5,6.56
2024-09-16 05:00:29,22.38,6.57
2024-09-16 05:29:52,22.31,6.57
2024-09-16 06:00:28,22.25,6.59
2024-09-16 06:30:26,22.19,6.57
2024-09-16 07:00:27,22.19,6.57
2024-09-16 07:30:23,22.31,6.6
2024-09-16 08:00:19,22.38,6.57
2024-09-16 08:30:16,22.63,6.59
2024-09-16 09:00:23,22.88,6.61
2024-09-16 09:29:34,23.19,6.61
2024-09-16 10:00:35,23.56,6.64
2024-09-16 10:30:26,23.94,6.66
2024-09-16 11:00:44,24.44,6.68
2024-09-16 11:30:08,24.81,6.71
2024-09-16 12:00:46,25.25,6.71
2024-09-16 12:30:17,25.5,6.66
2024-09-16 13:00:27,25.63,6.73
2024-09-16 13:29:52,25.75,6.77
2024-09-16 14:00:04,25.69,6.74
2024-09-16 14:30:24,25.56,6.74
2024-09-16 15:00:39,25.5,6.75
2024-09-16 15:29:52,25.44,6.73
2024-09-16 16:00:08,25.19,6.73
2024-09-16 16:29:51,24.88,6.71
2024-09-16 17:00:37,24.69,6.71
2024-09-16 17:30:18,24.5,6.66
2024-09-16 18:00:34,24.31,6.68
2024-09-16 18:29:45,24.19,6.66
2024-09-16 19:00:16,24.06,6.66
2024-09-16 19:29:53,23.81,6.66
2024-09-16 20:00:25,23.75,6.65
2024-09-16 20:30:03,23.69,6.66
2024-09-16 21:00:43,23.63,6.62
2024-09-16 21:29:52,23.44,6.66
2024-09-16 22:00:11,23.31,6.62
2024-09-16 22:29:36,23.31,6.63
2024-09-16 23:00:51,23.13,6.61
2024-09-16 23:29:36,23.0,6.6
2024-09-17 00:02:11,22.94,6.6
2024-09-17 00:30:08,22.88,6.64
2024-09-17 01:00:33,22.88,6.61
2024-09-17 01:30:08,22.75,6.6
2024-09-17 02:00:47,22.63,6.6
2024-09-17 02:30:15,22.5,6.6
2024-09-17 03:00:27,22.44,6.57
2024-09-17 03:29:55,22.38,6.59
2024-09-17 04:00:16,22.25,6.59
2024-09-17 04:29:40,22.19,6.56
2024-09-17 05:00:47,22.0,6.56
2024-09-17 05:29:36,22.0,6.54
2024-09-17 06:00:42,21.88,6.59
2024-09-17 06:30:08,21.94,6.54
2024-09-17 07:00:28,21.88,6.56
2024-09-17 07:29:58,21.88,6.57
2024-09-17 08:00:23,21.94,6.53
2024-09-17 08:30:04,22.06,6.57
2024-09-17 09:00:20,22.38,6.59
2024-09-17 09:29:49,22.69,6.59
2024-09-17 10:00:08,23.25,6.61
2024-09-17 10:30:21,23.69,6.64
2024-09-17 11:00:37,24.19,6.66
2024-09-17 11:29:56,24.63,6.68
2024-09-17 12:00:17,25.0,6.71
2024-09-17 12:29:56,25.25,6.71
2024-09-17 13:00:03,25.44,6.73
2024-09-17 13:30:16,25.5,6.75
2024-09-17 14:00:26,25.56,6.76
2024-09-17 14:30:06,25.56,6.74
2024-09-17 15:00:22,25.38,6.73
2024-09-17 15:29:43,25.19,6.73
2024-09-17 16:00:55,24.88,6.72
2024-09-17 16:29:38,24.56,6.68
2024-09-17 17:00:29,24.19,6.66
2024-09-17 17:29:37,23.88,6.66
2024-09-17 18:00:32,23.63,6.66
2024-09-17 18:29:56,23.38,6.62
2024-09-17 19:00:29,23.19,6.64
2024-09-17 19:30:11,22.94,6.61
2024-09-17 20:00:29,22.75,6.6
2024-09-17 20:30:03,22.56,6.6
2024-09-17 21:00:17,22.38,6.59
2024-09-17 21:29:56,22.38,6.59
2024-09-17 22:00:28,22.19,6.57
2024-09-17 22:30:00,22.19,6.6
2024-09-17 23:00:34,22.13,6.59
2024-09-17 23:29:34,22.13,6.59
2024-09-18 00:01:07,22.06,6.56
2024-09-18 00:30:10,22.06,6.56
2024-09-18 01:00:55,22.0,6.55
2024-09-18 01:30:18,21.88,6.54
2024-09-18 02:00:53,21.81,6.56
2024-09-18 02:29:42,21.75,6.56
2024-09-18 03:00:00,21.69,6.57
2024-09-18 03:29:37,21.56,6.54
2024-09-18 04:00:50,21.44,6.54
2024-09-18 04:30:13,21.38,6.53
2024-09-18 05:00:37,21.25,6.54
2024-09-18 05:30:23,21.19,6.52
2024-09-18 06:00:39,21.13,6.53
2024-09-18 06:30:14,21.13,6.53
2024-09-18 07:00:30,21.06,6.53
2024-09-18 07:29:54,21.19,6.54
2024-09-18 08:00:13,21.31,6.53
2024-09-18 08:29:51,21.5,6.52
2024-09-18 09:05:03,21.75,6.53
2024-09-18 09:28:19,22.06,6.59
2024-09-18 10:05:11,22.75,6.6
2024-09-18 10:29:34,23.25,6.61
2024-09-18 11:00:43,23.75,6.66
2024-09-18 11:30:16,24.13,6.66
2024-09-18 12:00:38,24.44,6.68
2024-09-18 12:29:43,24.56,6.7
2024-09-18 13:00:09,24.75,6.7
2024-09-18 13:30:24,24.75,6.68
2024-09-18 14:00:45,24.69,6.71
2024-09-18 14:30:08,24.69,6.7
2024-09-18 15:00:24,24.63,6.68
2024-09-18 15:29:42,24.56,6.68
2024-09-18 16:00:04,24.44,6.68
2024-09-18 16:30:18,24.19,6.66
2024-09-18 17:00:40,24.0,6.66
2024-09-18 17:30:08,23.75,6.66
2024-09-18 18:00:18,23.63,6.65
2024-09-18 18:30:16,23.38,6.65
2024-09-18 19:00:38,23.25,6.62
2024-09-18 19:30:05,23.13,6.61
2024-09-18 20:00:51,23.06,6.64
2024-09-18 20:30:17,22.94,6.64
2024-09-18 21:00:01,22.88,6.61
2024-09-18 21:29:36,22.75,6.61
2024-09-18 22:00:25,22.69,6.6
2024-09-18 22:29:43,22.63,6.57
2024-09-18 23:00:43,22.44,6.57
2024-09-18 23:29:34,22.38,6.57
2024-09-19 00:02:20,22.19,6.57
2024-09-19 00:29:47,22.06,6.57
2024-09-19 01:00:03,22.0,6.57
2024-09-19 01:30:07,21.81,6.57
2024-09-19 02:00:06,21.81,6.56
2024-09-19 02:30:08,21.69,6.54
2024-09-19 03:00:06,21.56,6.54
2024-09-19 03:30:22,21.44,6.53
2024-09-19 04:00:20,21.31,6.52
2024-09-19 04:30:23,21.19,6.54
2024-09-19 05:00:24,21.13,6.53
2024-09-19 05:30:23,21.0,6.53
2024-09-19 06:00:25,20.94,6.54
2024-09-19 06:29:34,21.0,6.53
2024-09-19 07:00:32,20.88,6.54
2024-09-19 07:29:45,20.94,6.54
2024-09-19 08:00:46,21.06,6.52
2024-09-19 08:30:07,21.31,6.54
2024-09-19 09:00:19,21.81,6.53
2024-09-19 09:29:42,22.31,6.54
2024-09-19 10:00:43,22.88,6.61
2024-09-19 10:30:27,23.56,6.62
2024-09-19 11:00:03,24.0,6.68
2024-09-19 11:30:08,24.5,6.7
2024-09-19 12:00:10,24.81,6.71
2024-09-19 12:30:20,25.13,6.73
2024-09-19 13:00:29,25.38,6.73
2024-09-19 13:29:47,25.5,6.76
2024-09-19 14:00:19,25.75,6.77
2024-09-19 14:29:41,25.75,6.73
2024-09-19 15:00:15,25.75,6.76
2024-09-19 15:29:56,25.69,6.75
2024-09-19 16:00:04,25.5,6.77
2024-09-19 16:30:26,25.25,6.75
2024-09-19 17:00:02,25.13,6.72
2024-09-19 17:29:38,24.81,6.71
2024-09-19 18:00:49,24.63,6.71
2024-09-19 18:30:26,24.38,6.68
2024-09-19 19:00:07,24.38,6.66
2024-09-19 19:29:53,24.25,6.66
2024-09-19 20:00:41,24.06,6.66
2024-09-19 20:30:01,24.0,6.68
2024-09-19 21:00:09,23.88,6.66
2024-09-19 21:30:26,23.81,6.66
2024-09-19 22:00:31,23.75,6.66
2024-09-19 22:29:56,23.69,6.65
2024-09-19 23:00:40,23.56,6.65
2024-09-19 23:29:55,23.44,6.66
2024-09-20 00:02:08,23.31,6.65
2024-09-20 00:29:50,23.25,6.64
2024-09-20 01:00:15,23.13,6.62
2024-09-20 01:30:26,23.06,6.61
2024-09-20 02:00:32,22.88,6.61
2024-09-20 02:29:42,22.75,6.62
2024-09-20 03:00:46,22.63,6.59
2024-09-20 03:30:26,22.5,6.6
2024-09-20 04:00:48,22.38,6.59
2024-09-20 04:30:07,22.31,6.56
2024-09-20 05:00:17,22.13,6.59
2024-09-20 05:30:22,21.94,6.56
2024-09-20 06:00:26,21.88,6.54
2024-09-20 06:29:38,21.88,6.59
2024-09-20 07:00:05,21.88,6.54
2024-09-20 07:30:08,21.88,6.56
2024-09-20 08:00:11,22.0,6.56
2024-09-20 08:30:21,22.19,6.56
2024-09-20 09:00:23,22.44,6.57
2024-09-20 09:30:22,22.88,6.57
2024-09-20 10:00:23,23.38,6.64
2024-09-20 10:29:55,23.94,6.65
2024-09-20 11:00:32,24.44,6.68
2024-09-20 11:29:47,24.88,6.73
2024-09-20 12:00:46,25.31,6.71
2024-09-20 12:30:05,25.56,6.74
2024-09-20 13:00:25,25.88,6.76
2024-09-20 13:29:41,25.94,6.77
2024-09-20 14:00:35,26.13,6.77
2024-09-20 14:29:50,26.06,6.77
2024-09-20 15:00:41,25.94,6.76
2024-09-20 15:29:44,25.88,6.78
2024-09-20 16:00:31,25.63,6.75
2024-09-20 16:29:35,25.56,6.76
2024-09-20 17:00:42,25.44,6.73
2024-09-20 17:29:54,25.31,6.71
2024-09-20 18:00:02,25.19,6.73
2024-09-20 18:29:50,24.81,6.7
2024-09-20 19:00:13,24.75,6.7
2024-09-20 19:29:46,24.5,6.7
2024-09-20 20:00:34,24.38,6.66
2024-09-20 20:29:42,24.25,6.67
2024-09-20 21:00:42,24.13,6.66
2024-09-20 21:29:50,24.06,6.65
2024-09-20 22:00:35,23.94,6.66
2024-09-20 22:29:36,23.81,6.66
2024-09-20 23:00:22,23.69,6.66
2024-09-20 23:29:49,23.63,6.65
2024-09-21 00:02:11,23.44,6.66
2024-09-21 00:30:18,23.38,6.65
2024-09-21 01:00:11,23.19,6.64
2024-09-21 01:30:03,23.13,6.62
2024-09-21 02:00:51,22.94,6.62
2024-09-21 02:29:54,22.75,6.62
2024-09-21 03:00:11,22.63,6.61
2024-09-21 03:30:24,22.5,6.59
2024-09-21 04:00:16,22.38,6.61
2024-09-21 04:30:13,22.25,6.59
2024-09-21 05:00:08,22.13,6.57
2024-09-21 05:30:05,22.0,6.56
2024-09-21 06:00:51,21.94,6.51
2024-09-21 06:29:58,21.81,6.56
2024-09-21 07:00:49,21.81,6.56
2024-09-21 07:29:56,21.81,6.54
2024-09-21 08:00:07,21.94,6.56
2024-09-21 08:30:20,22.19,6.56
2024-09-21 09:00:36,22.5,6.59
2024-09-21 09:29:58,22.94,6.6
2024-09-21 10:00:04,23.5,6.64
2024-09-21 10:30:12,24.06,6.65
2024-09-21 11:00:14,24.69,6.7
2024-09-21 11:30:18,25.06,6.73
2024-09-21 12:00:25,25.25,6.74
2024-09-21 12:29:44,25.31,6.74
2024-09-21 13:00:50,25.56,6.74
2024-09-21 13:29:57,25.56,6.73
2024-09-21 14:00:01,25.56,6.75
2024-09-21 14:30:06,25.63,6.73
2024-09-21 15:00:36,25.69,6.75
2024-09-21 15:30:05,25.56,6.73
2024-09-21 16:00:11,25.5,6.71
2024-09-21 16:30:26,25.44,6.75
2024-09-21 17:00:05,25.38,6.75
2024-09-21 17:29:41,25.25,6.74
2024-09-21 18:00:55,25.06,6.68
2024-09-21 18:29:47,24.94,6.71
2024-09-21 19:00:09,24.81,6.71
2024-09-21 19:29:53,24.69,6.68
2024-09-21 20:00:08,24.56,6.66
2024-09-21 20:29:37,24.44,6.66
2024-09-21 21:00:45,24.38,6.68
2024-09-21 21:30:10,24.31,6.7
2024-09-21 22:00:28,24.19,6.66
2024-09-21 22:29:58,24.13,6.66
2024-09-21 23:00:15,24.0,6.65
2024-09-21 23:29:40,23.94,6.65
2024-09-22 00:02:11,23.81,6.66
2024-09-22 00:29:54,23.75,6.65
2024-09-22 01:00:25,23.63,6.66
2024-09-22 01:29:51,23.5,6.62
2024-09-22 02:00:11,23.44,6.61
2024-09-22 02:29:37,23.31,6.64
2024-09-22 03:00:53,23.13,6.64
2024-09-22 03:29:34,23.06,6.64
2024-09-22 04:00:44,23.0,6.63
2024-09-22 04:30:15,22.88,6.61
2024-09-22 05:00:37,22.75,6.6
2024-09-22 05:30:00,22.63,6.59
2024-09-22 06:00:20,22.56,6.55
2024-09-22 06:29:49,22.56,6.61
2024-09-22 07:00:05,22.63,6.59
2024-09-22 07:30:23,22.69,6.6
2024-09-22 08:00:45,22.81,6.6
2024-09-22 08:30:14,23.06,6.61
2024-09-22 09:00:30,23.38,6.61
2024-09-22 09:29:58,23.88,6.65
2024-09-22 10:00:24,24.31,6.66
2024-09-22 10:22:58,24.69,6.66
2024-09-22 11:00:02,25.31,6.71
2024-09-22 11:30:07,25.75,6.76
2024-09-22 12:00:09,26.13,6.78
2024-09-22 12:30:21,26.44,6.78
2024-09-22 13:00:30,26.5,6.65
2024-09-22 13:29:46,26.69,6.81
2024-09-22 14:00:38,26.63,6.79
2024-09-22 14:29:53,26.75,6.78
2024-09-22 15:00:52,26.81,6.82
2024-09-22 15:29:35,26.69,6.79
2024-09-22 16:00:35,26.5,6.78
2024-09-22 16:29:57,26.38,6.82
2024-09-22 17:00:06,26.25,6.77
2024-09-22 17:30:24,26.13,6.78
2024-09-22 18:00:01,26.0,6.77
2024-09-22 18:29:37,25.75,6.76
2024-09-22 19:00:13,25.69,6.75
2024-09-22 19:29:42,25.56,6.74
2024-09-22 20:00:41,25.5,6.71
2024-09-22 20:30:13,25.44,6.76
2024-09-22 21:00:44,25.38,6.73
2024-09-22 21:30:27,25.25,6.73
2024-09-22 22:00:40,25.19,6.66
2024-09-22 22:30:26,25.06,6.74
2024-09-22 23:00:36,25.06,6.73
2024-09-22 23:29:47,25.0,6.72
2024-09-23 00:02:11,24.88,6.73
2024-09-23 00:29:35,24.81,6.71
2024-09-23 01:00:28,24.75,6.7
2024-09-23 01:29:36,24.63,6.7
2024-09-23 02:00:54,24.56,6.7
2024-09-23 02:30:11,24.44,6.67
2024-09-23 03:00:12,24.38,6.71
2024-09-23 03:30:16,24.25,6.66
2024-09-23 04:00:43,24.19,6.66
2024-09-23 04:30:04,24.06,6.7
2024-09-23 05:00:33,23.94,6.66
2024-09-23 05:30:07,23.75,6.65
2024-09-23 06:00:07,23.75,6.66
2024-09-23 06:29:53,23.75,6.63
2024-09-23 07:00:02,23.75,6.63
2024-09-23 07:30:03,23.88,6.64
2024-09-23 08:00:12,24.0,6.66
2024-09-23 08:30:22,24.25,6.64
2024-09-23 09:00:36,24.56,6.7
2024-09-23 09:30:02,24.94,6.7
2024-09-23 10:00:00,,
2024-09-23 10:29:52,25.75,6.74
2024-09-23 11:01:41,25.88,6.77
2024-09-23 11:30:13,25.88,6.76
2024-09-23 12:00:40,25.94,6.77
2024-09-23 12:30:10,25.94,6.76
2024-09-23 13:00:22,25.63,6.77
2024-09-23 13:30:01,24.81,6.71
2024-09-23 14:00:25,24.88,6.66
2024-09-23 14:30:11,24.81,6.68
2024-09-23 15:00:35,24.81,6.71
2024-09-23 15:29:59,24.81,6.71
2024-09-23 16:00:19,24.94,6.72
2024-09-23 16:29:54,24.88,6.68
2024-09-23 17:00:16,24.88,6.71
2024-09-23 17:29:43,24.88,6.7
2024-09-23 18:00:10,24.75,6.67
2024-09-23 18:29:36,24.69,6.7
2024-09-23 19:00:19,24.69,6.66
2024-09-23 19:29:40,24.69,6.7
2024-09-23 20:00:49,24.63,6.7
2024-09-23 20:30:19,24.56,6.68
2024-09-23 21:00:38,24.5,6.68
2024-09-23 21:30:02,24.44,6.68
2024-09-23 22:00:31,24.44,6.68
2024-09-23 22:29:57,24.31,6.71
2024-09-23 23:00:15,24.25,6.66
2024-09-23 23:29:34,24.25,6.66
2024-09-24 00:02:11,24.13,6.68
2024-09-24 00:29:55,24.06,6.66
2024-09-24 01:00:11,24.0,6.66
2024-09-24 01:29:33,23.88,6.66
2024-09-24 02:00:44,23.81,6.66
2024-09-24 02:30:11,23.75,6.67
2024-09-24 03:00:27,23.69,6.65
2024-09-24 03:29:50,23.69,6.62
2024-09-24 04:00:12,23.56,6.62
2024-09-24 04:29:36,23.5,6.64
2024-09-24 05:00:48,23.44,6.66
2024-09-24 05:30:08,23.38,6.65
2024-09-24 06:00:34,23.25,6.64
2024-09-24 06:29:55,23.31,6.62
2024-09-24 07:00:13,23.31,6.62
2024-09-24 07:29:35,23.44,6.61
2024-09-24 08:00:44,23.56,6.66
2024-09-24 08:30:05,23.75,6.65
2024-09-24 09:00:17,24.06,6.66
2024-09-24 09:29:39,24.38,6.68
2024-09-24 10:00:13,24.81,6.74
2024-09-24 10:29:45,25.19,6.72
2024-09-24 11:00:06,25.63,6.75
2024-09-24 11:29:35,25.81,6.75
2024-09-24 12:00:48,26.06,6.76
2024-09-24 12:30:18,26.25,6.77
2024-09-24 13:00:36,26.19,6.71
2024-09-24 13:29:53,25.56,6.77
2024-09-24 14:00:00,,
2024-09-24 14:30:00,,
2024-09-24 15:00:49,25.13,6.71
2024-09-24 15:29:54,25.06,6.71
2024-09-24 16:00:17,25.0,6.71
2024-09-24 16:29:55,25.0,6.68
2024-09-24 17:00:27,25.0,6.71
2024-09-24 17:30:11,24.94,6.68
2024-09-24 18:00:45,24.88,6.68
2024-09-24 18:30:05,24.81,6.68
2024-09-24 19:00:19,24.75,6.68
2024-09-24 19:30:16,24.69,6.7
2024-09-24 20:00:16,24.69,6.66
2024-09-24 20:30:11,24.63,6.68
2024-09-24 21:00:23,24.63,6.67
2024-09-24 21:29:49,24.56,6.67
2024-09-24 22:00:08,24.44,6.66
2024-09-24 22:30:22,24.38,6.66
2024-09-24 23:00:30,24.31,6.66
2024-09-24 23:29:42,24.25,6.65
2024-09-25 00:02:10,24.13,6.66
2024-09-25 00:29:41,24.13,6.65
2024-09-25 01:00:30,24.0,6.64
2024-09-25 01:30:21,23.88,6.65
2024-09-25 02:00:10,23.88,6.65
2024-09-25 02:30:02,23.81,6.64
2024-09-25 03:00:46,23.69,6.64
2024-09-25 03:29:49,23.63,6.61
2024-09-25 04:00:29,23.5,6.65
2024-09-25 04:30:19,23.38,6.61
2024-09-25 05:00:13,23.31,6.62
2024-09-25 05:29:37,23.19,6.61
2024-09-25 06:00:38,23.19,6.61
2024-09-25 06:30:16,23.25,6.6
2024-09-25 07:00:19,23.25,6.61
2024-09-25 07:30:22,23.38,6.61
2024-09-25 08:00:50,23.5,6.63
2024-09-25 08:30:04,23.69,6.61
2024-09-25 09:00:51,23.81,6.64
2024-09-25 09:29:59,25.19,6.66
2024-09-25 10:00:10,25.69,6.75
2024-09-25 10:30:17,25.94,6.75
2024-09-25 11:00:34,26.44,6.77
2024-09-25 11:30:13,26.94,6.79
2024-09-25 12:00:30,27.0,6.83
2024-09-25 12:29:50,27.13,6.83
2024-09-25 13:00:02,27.19,6.83
2024-09-25 13:30:12,27.44,6.83
2024-09-25 14:00:52,27.56,6.84
2024-09-25 14:29:41,27.0,6.84
2024-09-25 15:00:47,25.31,6.73
2024-09-25 15:30:01,24.5,6.71
2024-09-25 16:00:14,24.44,6.7
2024-09-25 16:29:35,24.38,6.68
2024-09-25 17:00:39,24.31,6.68
2024-09-25 17:30:11,24.25,6.68
2024-09-25 18:00:13,24.19,6.7
2024-09-25 18:29:32,24.13,6.7
2024-09-25 19:00:40,24.13,6.71
2024-09-25 19:29:53,24.13,6.71
2024-09-25 20:00:10,24.13,6.71
2024-09-25 20:29:53,24.06,6.7
2024-09-25 21:00:20,24.0,6.73
2024-09-25 21:29:50,24.06,6.71
2024-09-25 22:00:12,23.94,6.71
2024-09-25 22:29:37,23.94,6.68
2024-09-25 23:00:40,24.0,6.71
2024-09-25 23:30:07,23.94,6.67
2024-09-26 00:02:11,23.88,6.66
2024-09-26 00:30:08,23.88,6.66
2024-09-26 01:00:20,23.81,6.66
2024-09-26 01:30:05,23.75,6.66
2024-09-26 02:00:17,23.75,6.66
2024-09-26 02:29:38,23.69,6.65
2024-09-26 03:00:41,23.63,6.62
2024-09-26 03:29:55,23.56,6.63
2024-09-26 04:00:36,23.5,6.66
2024-09-26 04:29:56,23.38,6.62
2024-09-26 05:00:07,23.38,6.65
2024-09-26 05:30:12,23.31,6.64
2024-09-26 06:00:23,23.31,6.62
2024-09-26 06:29:51,23.25,6.64
2024-09-26 07:00:27,23.38,6.63
2024-09-26 07:29:43,23.5,6.64
2024-09-26 08:00:44,23.63,6.65
2024-09-26 08:30:12,23.81,6.65
2024-09-26 09:00:49,24.13,6.66
2024-09-26 09:32:24,24.5,6.7
2024-09-26 10:00:45,24.94,6.7
2024-09-26 10:30:03,25.5,6.74
2024-09-26 11:00:10,25.94,6.75
2024-09-26 11:29:33,26.44,6.78
2024-09-26 12:00:49,26.81,6.79
2024-09-26 12:30:04,27.0,6.78
2024-09-26 13:00:13,26.88,6.83
2024-09-26 13:30:22,26.63,6.81
2024-09-26 14:00:32,26.5,6.78
2024-09-26 14:29:50,26.31,6.77
2024-09-26 15:00:48,26.13,6.76
2024-09-26 15:30:05,25.94,6.76
2024-09-26 16:00:15,25.81,6.74
2024-09-26 16:30:17,25.69,6.75
2024-09-26 17:00:33,25.56,6.75
2024-09-26 17:30:00,25.44,6.73
2024-09-26 18:00:15,25.31,6.74
2024-09-26 18:30:16,25.19,6.75
2024-09-26 19:00:14,25.06,6.73
2024-09-26 19:29:39,24.94,6.71
2024-09-26 20:00:32,24.81,6.7
2024-09-26 20:30:04,24.69,6.7
2024-09-26 21:00:09,24.63,6.7
2024-09-26 21:30:10,24.63,6.7
2024-09-26 22:00:13,24.56,6.68
2024-09-26 22:30:16,24.44,6.66
2024-09-26 23:00:15,24.31,6.67
2024-09-26 23:30:14,24.25,6.66
